12/01/2021,United Arab Emirates,Iraq,0,0,Friendly,Dubai,United Arab Emirates,FALSE
18/01/2021,Kuwait,Palestine,0,1,Friendly,Kuwait City,Kuwait,FALSE
19/01/2021,Dominican Republic,Puerto Rico,0,1,Friendly,Santo Domingo,Dominican Republic,FALSE
22/01/2021,Guatemala,Puerto Rico,1,0,Friendly,Guatemala City,Guatemala,FALSE
25/01/2021,Dominican Republic,Serbia,0,0,Friendly,Santo Domingo,Dominican Republic,FALSE
27/01/2021,Iraq,Kuwait,2,1,Friendly,Basra,Iraq,FALSE
28/01/2021,Panama,Serbia,0,0,Friendly,Panama City,Panama,FALSE
31/01/2021,United States,Trinidad and Tobago,7,0,Friendly,Orlando,United States,FALSE
01/02/2021,Jordan,Tajikistan,2,0,Friendly,Dubai,United Arab Emirates,TRUE
05/02/2021,Jordan,Tajikistan,0,1,Friendly,Dubai,United Arab Emirates,TRUE
15/02/2021,Jordan,Uzbekistan,0,2,Friendly,Dubai,United Arab Emirates,TRUE
24/02/2021,Guatemala,Nicaragua,1,0,Friendly,Guatemala City,Guatemala,FALSE
13/03/2021,Kenya,South Sudan,1,0,Friendly,Nairobi,Kenya,FALSE
15/03/2021,Kenya,Tanzania,2,1,Friendly,Nairobi,Kenya,FALSE
17/03/2021,Ethiopia,Malawi,4,0,Friendly,Bahir Dar,Ethiopia,FALSE
20/03/2021,Oman,Jordan,0,0,Friendly,Dubai,United Arab Emirates,TRUE
24/03/2021,Belarus,Honduras,1,1,Friendly,Zhodzina,Belarus,FALSE
24/03/2021,Jordan,Lebanon,1,0,Friendly,Dubai,United Arab Emirates,TRUE
24/03/2021,Kosovo,Lithuania,4,0,Friendly,Pristina,Kosovo,FALSE
24/03/2021,Qatar,Luxembourg,1,0,Friendly,Debrecen,Hungary,TRUE
24/03/2021,Antigua and Barbuda,Montserrat,2,2,FIFA World Cup qualification,Willemstad,Curaçao,TRUE
24/03/2021,Suriname,Cayman Islands,3,0,FIFA World Cup qualification,Paramaribo,Suriname,FALSE
24/03/2021,Guatemala,Cuba,1,0,FIFA World Cup qualification,Guatemala City,Guatemala,FALSE
24/03/2021,Dominican Republic,Dominica,1,0,FIFA World Cup qualification,Santo Domingo,Dominican Republic,FALSE
24/03/2021,Saint Kitts and Nevis,Puerto Rico,1,0,FIFA World Cup qualification,San Cristóbal,Dominican Republic,TRUE
24/03/2021,Portugal,Azerbaijan,1,0,FIFA World Cup qualification,Turin,Italy,TRUE
24/03/2021,Serbia,Republic of Ireland,3,2,FIFA World Cup qualification,Belgrade,Serbia,FALSE
24/03/2021,France,Ukraine,1,1,FIFA World Cup qualification,Paris,France,FALSE
24/03/2021,Finland,Bosnia and Herzegovina,2,2,FIFA World Cup qualification,Helsinki,Finland,FALSE
24/03/2021,Belgium,Wales,3,1,FIFA World Cup qualification,Leuven,Belgium,FALSE
24/03/2021,Estonia,Czech Republic,2,6,FIFA World Cup qualification,Lublin,Poland,TRUE
24/03/2021,Turkey,Netherlands,4,2,FIFA World Cup qualification,Istanbul,Turkey,FALSE
24/03/2021,Gibraltar,Norway,0,3,FIFA World Cup qualification,Gibraltar,Gibraltar,FALSE
24/03/2021,Latvia,Montenegro,1,2,FIFA World Cup qualification,Riga,Latvia,FALSE
24/03/2021,Malta,Russia,1,3,FIFA World Cup qualification,Ta'Qali,Malta,FALSE
24/03/2021,Slovenia,Croatia,1,0,FIFA World Cup qualification,Ljubljana,Slovenia,FALSE
24/03/2021,Cyprus,Slovakia,0,0,FIFA World Cup qualification,Nicosia,Cyprus,FALSE
24/03/2021,Chad,Namibia,0,3,African Cup of Nations qualification,N'Djamena,Chad,FALSE
24/03/2021,Guinea,Mali,1,0,African Cup of Nations qualification,Clermont-Ferrand,France,TRUE
24/03/2021,South Sudan,Malawi,0,1,African Cup of Nations qualification,Omdurman,Sudan,TRUE
24/03/2021,Uganda,Burkina Faso,0,0,African Cup of Nations qualification,Kampala,Uganda,FALSE
24/03/2021,São Tomé and Príncipe,Sudan,0,2,African Cup of Nations qualification,Sao Tomé,São Tomé and Príncipe,FALSE
24/03/2021,Rwanda,Mozambique,1,0,African Cup of Nations qualification,Kigali,Rwanda,FALSE
24/03/2021,Ethiopia,Madagascar,4,0,African Cup of Nations qualification,Bahir Dar,Ethiopia,FALSE
25/03/2021,Bahrain,Syria,3,1,Friendly,Isa Town,Bahrain,FALSE
25/03/2021,India,Oman,1,1,Friendly,Dubai,United Arab Emirates,TRUE
25/03/2021,Japan,South Korea,3,0,Friendly,Yokohama,Japan,FALSE
25/03/2021,Saudi Arabia,Kuwait,1,0,Friendly,Riyadh,Saudi Arabia,FALSE
25/03/2021,United States,Jamaica,4,1,Friendly,Wiener Neustadt,Austria,TRUE
25/03/2021,El Salvador,Grenada,2,0,FIFA World Cup qualification,San Salvador,El Salvador,FALSE
25/03/2021,Canada,Bermuda,5,1,FIFA World Cup qualification,Orlando,United States,TRUE
25/03/2021,Curaçao,Saint Vincent and the Grenadines,5,0,FIFA World Cup qualification,Willemstad,Curaçao,FALSE
25/03/2021,Panama,Barbados,1,0,FIFA World Cup qualification,Santo Domingo,Dominican Republic,TRUE
25/03/2021,Haiti,Belize,2,0,FIFA World Cup qualification,Port au Prince,Haiti,FALSE
25/03/2021,Trinidad and Tobago,Guyana,3,0,FIFA World Cup qualification,San Cristóbal,Dominican Republic,TRUE
25/03/2021,Spain,Greece,1,1,FIFA World Cup qualification,Granada,Spain,FALSE
25/03/2021,Sweden,Georgia,1,0,FIFA World Cup qualification,Stockholm,Sweden,FALSE
25/03/2021,Bulgaria,Switzerland,1,3,FIFA World Cup qualification,Sofia,Bulgaria,FALSE
25/03/2021,Italy,Northern Ireland,2,0,FIFA World Cup qualification,Parma,Italy,FALSE
25/03/2021,Israel,Denmark,0,2,FIFA World Cup qualification,Tel Aviv,Israel,FALSE
25/03/2021,Scotland,Austria,2,2,FIFA World Cup qualification,Glasgow,Scotland,FALSE
25/03/2021,Moldova,Faroe Islands,1,1,FIFA World Cup qualification,Chișinău,Moldova,FALSE
25/03/2021,England,San Marino,5,0,FIFA World Cup qualification,London,England,FALSE
25/03/2021,Andorra,Albania,0,1,FIFA World Cup qualification,Andorra la Vella,Andorra,FALSE
25/03/2021,Hungary,Poland,3,3,FIFA World Cup qualification,Budapest,Hungary,FALSE
25/03/2021,Germany,Iceland,3,0,FIFA World Cup qualification,Duisburg,Germany,FALSE
25/03/2021,Liechtenstein,Armenia,0,1,FIFA World Cup qualification,Vaduz,Liechtenstein,FALSE
25/03/2021,Romania,North Macedonia,3,2,FIFA World Cup qualification,Bucharest,Romania,FALSE
25/03/2021,South Africa,Ghana,1,1,African Cup of Nations qualification,Johannesburg,South Africa,FALSE
25/03/2021,Gambia,Angola,1,0,African Cup of Nations qualification,Bakau,Gambia,FALSE
25/03/2021,Gabon,DR Congo,3,0,African Cup of Nations qualification,Franceville,Gabon,FALSE
25/03/2021,Comoros,Togo,0,0,African Cup of Nations qualification,Moroni,Comoros,FALSE
25/03/2021,Kenya,Egypt,1,1,African Cup of Nations qualification,Nairobi,Kenya,FALSE
25/03/2021,Botswana,Zimbabwe,0,1,African Cup of Nations qualification,Francistown,Botswana,FALSE
25/03/2021,Zambia,Algeria,3,3,African Cup of Nations qualification,Lusaka,Zambia,FALSE
25/03/2021,Equatorial Guinea,Tanzania,1,0,African Cup of Nations qualification,Malabo,Equatorial Guinea,FALSE
25/03/2021,Libya,Tunisia,2,5,African Cup of Nations qualification,Benina,Libya,FALSE
25/03/2021,Tajikistan,Mongolia,3,0,FIFA World Cup qualification,Dushanbe,Tajikistan,FALSE
26/03/2021,Chile,Bolivia,2,1,Friendly,Rancagua,Chile,FALSE
26/03/2021,Burundi,Central African Republic,2,2,African Cup of Nations qualification,Bujumbura,Burundi,FALSE
26/03/2021,Mauritania,Morocco,0,0,African Cup of Nations qualification,Nouakchott,Mauritania,FALSE
26/03/2021,Cape Verde,Cameroon,3,1,African Cup of Nations qualification,Praia,Cape Verde,FALSE
26/03/2021,Eswatini,Guinea-Bissau,1,3,African Cup of Nations qualification,Manzini,Eswatini,FALSE
26/03/2021,Congo,Senegal,0,0,African Cup of Nations qualification,Brazzaville,Congo,FALSE
26/03/2021,Niger,Ivory Coast,0,3,African Cup of Nations qualification,Lomé,Togo,TRUE
27/03/2021,Bosnia and Herzegovina,Costa Rica,0,0,Friendly,Zenica,Bosnia and Herzegovina,FALSE
27/03/2021,Nepal,Bangladesh,0,0,Friendly,Kathmandu,Nepal,FALSE
27/03/2021,Qatar,Azerbaijan,2,1,Friendly,Debrecen,Hungary,TRUE
27/03/2021,Wales,Mexico,1,0,Friendly,Cardiff,Wales,FALSE
27/03/2021,United States Virgin Islands,Antigua and Barbuda,0,3,FIFA World Cup qualification,St Croix,United States Virgin Islands,FALSE
27/03/2021,Aruba,Suriname,0,6,FIFA World Cup qualification,Bradenton,United States,TRUE
27/03/2021,British Virgin Islands,Guatemala,0,3,FIFA World Cup qualification,Willemstad,Curaçao,TRUE
27/03/2021,Anguilla,Dominican Republic,0,6,FIFA World Cup qualification,Fort Lauderdale,United States,TRUE
27/03/2021,Turks and Caicos Islands,Nicaragua,0,7,FIFA World Cup qualification,San Cristóbal,Dominican Republic,TRUE
27/03/2021,Bahamas,Saint Kitts and Nevis,0,4,FIFA World Cup qualification,Nassau,Bahamas,FALSE
27/03/2021,Republic of Ireland,Luxembourg,0,1,FIFA World Cup qualification,Dublin,Republic of Ireland,FALSE
27/03/2021,Serbia,Portugal,2,2,FIFA World Cup qualification,Belgrade,Serbia,FALSE
27/03/2021,Belarus,Estonia,4,2,FIFA World Cup qualification,Minsk,Belarus,FALSE
27/03/2021,Czech Republic,Belgium,1,1,FIFA World Cup qualification,Prague,Czech Republic,FALSE
27/03/2021,Montenegro,Gibraltar,4,1,FIFA World Cup qualification,Podgorica,Montenegro,FALSE
27/03/2021,Netherlands,Latvia,2,0,FIFA World Cup qualification,Amsterdam,Netherlands,FALSE
27/03/2021,Norway,Turkey,0,3,FIFA World Cup qualification,Malaga,Spain,TRUE
27/03/2021,Russia,Slovenia,2,1,FIFA World Cup qualification,Sochi,Russia,FALSE
27/03/2021,Croatia,Cyprus,1,0,FIFA World Cup qualification,Rijeka,Croatia,FALSE
27/03/2021,Slovakia,Malta,2,2,FIFA World Cup qualification,Trnava,Slovakia,FALSE
27/03/2021,Lesotho,Sierra Leone,0,0,African Cup of Nations qualification,Maseru,Lesotho,FALSE
27/03/2021,Benin,Nigeria,0,1,African Cup of Nations qualification,Porto Novo,Benin,FALSE
28/03/2021,Greece,Honduras,2,1,Friendly,Thessaloniki,Greece,FALSE
28/03/2021,Northern Ireland,United States,1,2,Friendly,Belfast,Northern Ireland,FALSE
28/03/2021,Montserrat,El Salvador,1,1,FIFA World Cup qualification,Willemstad,Curaçao,TRUE
28/03/2021,Cuba,Curaçao,1,2,FIFA World Cup qualification,Guatemala City,Guatemala,TRUE
28/03/2021,Dominica,Panama,1,2,FIFA World Cup qualification,Santo Domingo,Dominican Republic,TRUE
28/03/2021,Puerto Rico,Trinidad and Tobago,1,1,FIFA World Cup qualification,Mayagüez,Puerto Rico,FALSE
28/03/2021,Georgia,Spain,1,2,FIFA World Cup qualification,Tbilisi,Georgia,FALSE
28/03/2021,Kosovo,Sweden,0,3,FIFA World Cup qualification,Pristina,Kosovo,FALSE
28/03/2021,Switzerland,Lithuania,1,0,FIFA World Cup qualification,St Gallen,Switzerland,FALSE
28/03/2021,Bulgaria,Italy,0,2,FIFA World Cup qualification,Sofia,Bulgaria,FALSE
28/03/2021,Kazakhstan,France,0,2,FIFA World Cup qualification,Nur-Sultan,Kazakhstan,FALSE
28/03/2021,Ukraine,Finland,1,1,FIFA World Cup qualification,Kiev,Ukraine,FALSE
28/03/2021,Denmark,Moldova,8,0,FIFA World Cup qualification,Herning,Denmark,FALSE
28/03/2021,Austria,Faroe Islands,3,1,FIFA World Cup qualification,Vienna,Austria,FALSE
28/03/2021,Israel,Scotland,1,1,FIFA World Cup qualification,Tel Aviv,Israel,FALSE
28/03/2021,Albania,England,0,2,FIFA World Cup qualification,Tirana,Albania,FALSE
28/03/2021,Poland,Andorra,3,0,FIFA World Cup qualification,Warsaw,Poland,FALSE
28/03/2021,San Marino,Hungary,0,3,FIFA World Cup qualification,Serravalle,San Marino,FALSE
28/03/2021,Armenia,Iceland,2,0,FIFA World Cup qualification,Yerevan,Armenia,FALSE
28/03/2021,North Macedonia,Liechtenstein,5,0,FIFA World Cup qualification,Skopje,North Macedonia,FALSE
28/03/2021,Romania,Germany,0,1,FIFA World Cup qualification,Bucharest,Romania,FALSE
28/03/2021,Namibia,Guinea,2,1,African Cup of Nations qualification,Windhoek,Namibia,FALSE
28/03/2021,Mali,Chad,3,0,African Cup of Nations qualification,Bamako,Mali,FALSE
28/03/2021,Ghana,São Tomé and Príncipe,3,1,African Cup of Nations qualification,Cape Coast,Ghana,FALSE
28/03/2021,Sudan,South Africa,2,0,African Cup of Nations qualification,Omdurman,Sudan,FALSE
28/03/2021,Tunisia,Equatorial Guinea,2,1,African Cup of Nations qualification,Radès,Tunisia,FALSE
28/03/2021,Tanzania,Libya,1,0,African Cup of Nations qualification,Dar es Salaam,Tanzania,FALSE
29/03/2021,Ecuador,Bolivia,2,1,Friendly,Guayaquil,Ecuador,FALSE
29/03/2021,Kuwait,Lebanon,1,1,Friendly,Dubai,United Arab Emirates,TRUE
29/03/2021,Nepal,Bangladesh,2,1,Friendly,Kathmandu,Nepal,FALSE
29/03/2021,Uzbekistan,Iraq,0,1,Friendly,Tashkent,Uzbekistan,FALSE
29/03/2021,Cayman Islands,Canada,0,11,FIFA World Cup qualification,Bradenton,United States,TRUE
29/03/2021,Burkina Faso,South Sudan,1,0,African Cup of Nations qualification,Ouagadougou,Burkina Faso,FALSE
29/03/2021,Malawi,Uganda,1,0,African Cup of Nations qualification,Lilongwe,Malawi,FALSE
29/03/2021,Angola,Gabon,2,0,African Cup of Nations qualification,Luanda,Angola,FALSE
29/03/2021,DR Congo,Gambia,1,0,African Cup of Nations qualification,Kinshasa,DR Congo,TRUE
29/03/2021,Togo,Kenya,1,2,African Cup of Nations qualification,Lomé,Togo,FALSE
29/03/2021,Egypt,Comoros,4,0,African Cup of Nations qualification,Cairo,Egypt,FALSE
29/03/2021,Algeria,Botswana,5,0,African Cup of Nations qualification,Algiers,Algeria,FALSE
29/03/2021,Zimbabwe,Zambia,0,2,African Cup of Nations qualification,Harare,Zimbabwe,FALSE
29/03/2021,United Arab Emirates,India,6,0,Friendly,Dubai,United Arab Emirates,FALSE
30/03/2021,Bahrain,Jordan,1,2,Friendly,Riffa,Bahrain,FALSE
30/03/2021,Costa Rica,Mexico,0,1,Friendly,Wiener Neustadt,Austria,TRUE
30/03/2021,Iran,Syria,3,0,Friendly,Tehran,Iran,FALSE
30/03/2021,Republic of Ireland,Qatar,1,1,Friendly,Debrecen,Hungary,TRUE
30/03/2021,Grenada,United States Virgin Islands,1,0,FIFA World Cup qualification,St George's,Grenada,FALSE
30/03/2021,Bermuda,Aruba,5,0,FIFA World Cup qualification,Bradenton,United States,TRUE
30/03/2021,Saint Vincent and the Grenadines,British Virgin Islands,3,0,FIFA World Cup qualification,Willemstad,Curaçao,TRUE
30/03/2021,Barbados,Anguilla,1,0,FIFA World Cup qualification,Santo Domingo,Dominican Republic,TRUE
30/03/2021,Belize,Turks and Caicos Islands,5,0,FIFA World Cup qualification,San Cristóbal,Dominican Republic,TRUE
30/03/2021,Guyana,Bahamas,4,0,FIFA World Cup qualification,Santo Domingo,Dominican Republic,TRUE
30/03/2021,Azerbaijan,Serbia,1,2,FIFA World Cup qualification,Baku,Azerbaijan,FALSE
30/03/2021,Luxembourg,Portugal,1,3,FIFA World Cup qualification,Luxembourg City,Luxembourg,FALSE
30/03/2021,Wales,Czech Republic,1,0,FIFA World Cup qualification,Cardiff,Wales,FALSE
30/03/2021,Belgium,Belarus,8,0,FIFA World Cup qualification,Leuven,Belgium,FALSE
30/03/2021,Gibraltar,Netherlands,0,7,FIFA World Cup qualification,Gibraltar,Gibraltar,FALSE
30/03/2021,Montenegro,Norway,0,1,FIFA World Cup qualification,Podgorica,Montenegro,FALSE
30/03/2021,Turkey,Latvia,3,3,FIFA World Cup qualification,Istanbul,Turkey,FALSE
30/03/2021,Cyprus,Slovenia,1,0,FIFA World Cup qualification,Nicosia,Cyprus,FALSE
30/03/2021,Croatia,Malta,3,0,FIFA World Cup qualification,Rijeka,Croatia,FALSE
30/03/2021,Slovakia,Russia,2,1,FIFA World Cup qualification,Trnava,Slovakia,FALSE
30/03/2021,Saudi Arabia,Palestine,5,0,FIFA World Cup qualification,Riyadh,Saudi Arabia,FALSE
30/03/2021,Japan,Mongolia,14,0,FIFA World Cup qualification,Chiba,Japan,FALSE
30/03/2021,Central African Republic,Mauritania,0,1,African Cup of Nations qualification,Bangui,Central African Republic,FALSE
30/03/2021,Morocco,Burundi,1,0,African Cup of Nations qualification,Rabat,Morocco,FALSE
30/03/2021,Cameroon,Rwanda,0,0,African Cup of Nations qualification,Douala,Cameroon,FALSE
30/03/2021,Mozambique,Cape Verde,0,1,African Cup of Nations qualification,Maputo,Mozambique,FALSE
30/03/2021,Guinea-Bissau,Congo,3,0,African Cup of Nations qualification,Bissau,Guinea-Bissau,FALSE
30/03/2021,Senegal,Eswatini,1,1,African Cup of Nations qualification,Thiès,Senegal,FALSE
30/03/2021,Ivory Coast,Ethiopia,3,1,African Cup of Nations qualification,Abidjan,Ivory Coast,FALSE
30/03/2021,Madagascar,Niger,0,0,African Cup of Nations qualification,Toamasina,Madagascar,FALSE
30/03/2021,Nigeria,Lesotho,3,0,African Cup of Nations qualification,Lagos,Nigeria,FALSE
31/03/2021,Sweden,Estonia,1,0,Friendly,Stockholm,Sweden,FALSE
31/03/2021,Switzerland,Finland,3,2,Friendly,St Gallen,Switzerland,FALSE
31/03/2021,Spain,Kosovo,3,1,FIFA World Cup qualification,Seville,Spain,FALSE
31/03/2021,Greece,Georgia,1,1,FIFA World Cup qualification,Thessaloniki,Greece,FALSE
31/03/2021,Northern Ireland,Bulgaria,0,0,FIFA World Cup qualification,Belfast,Northern Ireland,FALSE
31/03/2021,Lithuania,Italy,0,2,FIFA World Cup qualification,Vilnius,Lithuania,FALSE
31/03/2021,Bosnia and Herzegovina,France,0,1,FIFA World Cup qualification,Sarajevo,Bosnia and Herzegovina,FALSE
31/03/2021,Ukraine,Kazakhstan,1,1,FIFA World Cup qualification,Kiev,Ukraine,FALSE
31/03/2021,Scotland,Faroe Islands,4,0,FIFA World Cup qualification,Glasgow,Scotland,FALSE
31/03/2021,Austria,Denmark,0,4,FIFA World Cup qualification,Vienna,Austria,FALSE
31/03/2021,Moldova,Israel,1,4,FIFA World Cup qualification,Chișinău,Moldova,FALSE
31/03/2021,England,Poland,2,1,FIFA World Cup qualification,London,England,FALSE
31/03/2021,Andorra,Hungary,1,4,FIFA World Cup qualification,Andorra la Vella,Andorra,FALSE
31/03/2021,San Marino,Albania,0,2,FIFA World Cup qualification,Serravalle,San Marino,FALSE
31/03/2021,Armenia,Romania,3,2,FIFA World Cup qualification,Yerevan,Armenia,FALSE
31/03/2021,Germany,North Macedonia,1,2,FIFA World Cup qualification,Duisburg,Germany,FALSE
31/03/2021,Liechtenstein,Iceland,1,4,FIFA World Cup qualification,Vaduz,Liechtenstein,FALSE
23/05/2021,Ukraine,Bahrain,1,1,Friendly,Kharkiv,Ukraine,FALSE
24/05/2021,Iraq,Tajikistan,0,0,Friendly,Basra,Iraq,FALSE
24/05/2021,United Arab Emirates,Jordan,5,1,Friendly,Dubai,United Arab Emirates,FALSE
25/05/2021,Indonesia,Afghanistan,2,3,Friendly,Dubai,United Arab Emirates,TRUE
25/05/2021,Oman,Thailand,1,0,Friendly,Dubai,United Arab Emirates,TRUE
27/05/2021,Turkey,Azerbaijan,2,1,Friendly,Alanya,Turkey,FALSE
28/05/2021,Bahrain,Malaysia,2,0,Friendly,Riffa,Bahrain,FALSE
28/05/2021,Italy,San Marino,7,0,Friendly,Cagliari,Italy,FALSE
29/05/2021,Indonesia,Oman,1,3,Friendly,Dubai,United Arab Emirates,TRUE
29/05/2021,Iraq,Nepal,6,2,Friendly,Basra,Iraq,FALSE
29/05/2021,Mexico,Iceland,2,1,Friendly,Arlington,United States,TRUE
29/05/2021,Singapore,Afghanistan,1,1,Friendly,Dubai,United Arab Emirates,TRUE
29/05/2021,Sweden,Finland,2,0,Friendly,Stockholm,Sweden,FALSE
29/05/2021,Thailand,Tajikistan,2,2,Friendly,Sharjah,United Arab Emirates,TRUE
30/05/2021,Malta,Northern Ireland,0,3,Friendly,Klagenfurt,Austria,TRUE
30/05/2021,Switzerland,United States,2,1,Friendly,St Gallen,Switzerland,FALSE
31/05/2021,Jordan,Vietnam,1,1,Friendly,Sharjah,United Arab Emirates,TRUE
31/05/2021,Turkey,Guinea,0,0,Friendly,Antalya,Turkey,FALSE
01/06/2021,Croatia,Armenia,1,1,Friendly,Velika Gorica,Croatia,FALSE
01/06/2021,Kosovo,San Marino,4,1,Friendly,Pristina,Kosovo,FALSE
01/06/2021,North Macedonia,Slovenia,1,1,Friendly,Skopje,North Macedonia,FALSE
01/06/2021,Poland,Russia,1,1,Friendly,Wrocław,Poland,FALSE
01/06/2021,Slovakia,Bulgaria,1,1,Friendly,Ried im Innkreis,Austria,TRUE
01/06/2021,Lithuania,Estonia,0,1,Baltic Cup,Vilnius,Lithuania,FALSE
02/06/2021,Belarus,Azerbaijan,1,2,Friendly,Minsk,Belarus,FALSE
02/06/2021,Bosnia and Herzegovina,Montenegro,0,0,Friendly,Sarajevo,Bosnia and Herzegovina,FALSE
02/06/2021,England,Austria,1,0,Friendly,London,England,FALSE
02/06/2021,France,Wales,3,0,Friendly,Nice,France,FALSE
02/06/2021,Germany,Denmark,1,1,Friendly,Innsbruck,Austria,TRUE
02/06/2021,Mozambique,Lesotho,5,0,Friendly,Maputo,Mozambique,FALSE
02/06/2021,Netherlands,Scotland,2,2,Friendly,São João da Venda,Portugal,TRUE
02/06/2021,Norway,Luxembourg,1,0,Friendly,Malaga,Spain,TRUE
02/06/2021,Romania,Georgia,1,2,Friendly,Ploiești,Romania,FALSE
02/06/2021,Montserrat,United States Virgin Islands,4,0,FIFA World Cup qualification,San Cristóbal,Dominican Republic,TRUE
02/06/2021,Cayman Islands,Aruba,1,3,FIFA World Cup qualification,Bradenton,United States,TRUE
02/06/2021,Cuba,British Virgin Islands,5,0,FIFA World Cup qualification,Guatemala City,Guatemala,TRUE
02/06/2021,Dominica,Anguilla,3,0,FIFA World Cup qualification,Santo Domingo,Dominican Republic,TRUE
02/06/2021,Puerto Rico,Bahamas,7,0,FIFA World Cup qualification,Mayagüez,Puerto Rico,FALSE
03/06/2021,Algeria,Mauritania,4,1,Friendly,Blida,Algeria,FALSE
03/06/2021,Andorra,Republic of Ireland,1,4,Friendly,Andorra la Vella,Andorra,FALSE
03/06/2021,Belgium,Greece,1,1,Friendly,Brussels,Belgium,FALSE
03/06/2021,Switzerland,Liechtenstein,7,0,Friendly,St Gallen,Switzerland,FALSE
03/06/2021,Turkey,Moldova,2,0,Friendly,Paderborn,Germany,TRUE
03/06/2021,Ukraine,Northern Ireland,1,0,Friendly,Dnipro,Ukraine,FALSE
03/06/2021,Mexico,Costa Rica,0,0,CONCACAF Nations League,Denver,United States,TRUE
03/06/2021,United States,Honduras,1,0,CONCACAF Nations League,Denver,United States,FALSE
03/06/2021,Nepal,Taiwan,2,0,FIFA World Cup qualification,Kuwait City,Kuwait,TRUE
03/06/2021,Iran,Hong Kong,3,1,FIFA World Cup qualification,Arad,Iran,FALSE
03/06/2021,Bahrain,Cambodia,8,0,FIFA World Cup qualification,Riffa,Bahrain,FALSE
03/06/2021,Palestine,Singapore,4,0,FIFA World Cup qualification,Riyadh,Saudi Arabia,TRUE
03/06/2021,Bangladesh,Afghanistan,1,1,FIFA World Cup qualification,Doha,Qatar,TRUE
03/06/2021,United Arab Emirates,Malaysia,4,0,FIFA World Cup qualification,Dubai,United Arab Emirates,FALSE
03/06/2021,Thailand,Indonesia,2,2,FIFA World Cup qualification,Dubai,United Arab Emirates,TRUE
03/06/2021,Bolivia,Venezuela,3,1,FIFA World Cup qualification,La Paz,Bolivia,FALSE
03/06/2021,Uruguay,Paraguay,0,0,FIFA World Cup qualification,Montevideo,Uruguay,FALSE
03/06/2021,Argentina,Chile,1,1,FIFA World Cup qualification,Santiago del Estero,Argentina,FALSE
03/06/2021,Peru,Colombia,0,3,FIFA World Cup qualification,Lima,Peru,FALSE
03/06/2021,Kuwait,Australia,0,3,FIFA World Cup qualification,Kuwait City,Kuwait,FALSE
03/06/2021,Qatar,India,1,0,FIFA World Cup qualification,Doha,Qatar,FALSE
04/06/2021,Faroe Islands,Iceland,0,1,Friendly,Tórshavn,Faroe Islands,FALSE
04/06/2021,Finland,Estonia,0,1,Friendly,Helsinki,Finland,FALSE
04/06/2021,Hungary,Cyprus,1,0,Friendly,Budapest,Hungary,FALSE
04/06/2021,Italy,Czech Republic,4,0,Friendly,Bologna,Italy,FALSE
04/06/2021,Kosovo,Malta,2,1,Friendly,Klagenfurt,Austria,TRUE
04/06/2021,Nigeria,Cameroon,0,1,Friendly,Wiener Neustadt,Austria,TRUE
04/06/2021,North Macedonia,Kazakhstan,4,0,Friendly,Skopje,North Macedonia,FALSE
04/06/2021,Rwanda,Central African Republic,2,0,Friendly,Kigali,Rwanda,FALSE
04/06/2021,Slovenia,Gibraltar,6,0,Friendly,Koper,Slovenia,FALSE
04/06/2021,Spain,Portugal,0,0,Friendly,Madrid,Spain,FALSE
04/06/2021,Latvia,Lithuania,3,1,Baltic Cup,Riga,Latvia,FALSE
04/06/2021,Maldives,Syria,0,4,FIFA World Cup qualification,Sharjah,United Arab Emirates,TRUE
04/06/2021,Antigua and Barbuda,Grenada,1,0,FIFA World Cup qualification,North Sound,Antigua and Barbuda,FALSE
04/06/2021,Suriname,Bermuda,6,0,FIFA World Cup qualification,Paramaribo,Suriname,FALSE
04/06/2021,Guatemala,Saint Vincent and the Grenadines,10,0,FIFA World Cup qualification,Guatemala City,Guatemala,FALSE
04/06/2021,Dominican Republic,Barbados,1,1,FIFA World Cup qualification,Santo Domingo,Dominican Republic,FALSE
04/06/2021,Nicaragua,Belize,3,0,FIFA World Cup qualification,Managua,Nicaragua,FALSE
04/06/2021,Saint Kitts and Nevis,Guyana,3,0,FIFA World Cup qualification,Basseterre,Saint Kitts and Nevis,FALSE
04/06/2021,Brazil,Ecuador,2,0,FIFA World Cup qualification,Porto Alegre,Brazil,FALSE
05/06/2021,Guinea,Togo,0,2,Friendly,Antalya,Turkey,TRUE
05/06/2021,Ivory Coast,Burkina Faso,2,1,Friendly,Abidjan,Ivory Coast,FALSE
05/06/2021,Montenegro,Israel,1,3,Friendly,Podgorica,Montenegro,FALSE
05/06/2021,Niger,Gambia,0,2,Friendly,Antalya,Turkey,TRUE
05/06/2021,Russia,Bulgaria,1,0,Friendly,Moscow,Russia,FALSE
05/06/2021,Senegal,Zambia,3,1,Friendly,Thiès,Senegal,FALSE
05/06/2021,Sweden,Armenia,3,1,Friendly,Stockholm,Sweden,FALSE
05/06/2021,Tunisia,DR Congo,1,0,Friendly,Radès,Tunisia,FALSE
05/06/2021,Wales,Albania,0,0,Friendly,Cardiff,Wales,FALSE
05/06/2021,Saudi Arabia,Yemen,3,0,FIFA World Cup qualification,Riyadh,Saudi Arabia,FALSE
05/06/2021,Lebanon,Sri Lanka,3,2,FIFA World Cup qualification,Goyang,South Korea,TRUE
05/06/2021,South Korea,Turkmenistan,5,0,FIFA World Cup qualification,Goyang,South Korea,FALSE
05/06/2021,United States Virgin Islands,El Salvador,0,7,FIFA World Cup qualification,St Croix,United States Virgin Islands,FALSE
05/06/2021,Aruba,Canada,0,7,FIFA World Cup qualification,Bradenton,United States,TRUE
05/06/2021,British Virgin Islands,Curaçao,0,8,FIFA World Cup qualification,Guatemala City,Guatemala,TRUE
05/06/2021,Panama,Anguilla,13,0,FIFA World Cup qualification,Panama City,Panama,FALSE
05/06/2021,Turks and Caicos Islands,Haiti,0,10,FIFA World Cup qualification,Providenciales,Turks and Caicos Islands,FALSE
05/06/2021,Bahamas,Trinidad and Tobago,0,0,FIFA World Cup qualification,Nassau,Bahamas,FALSE
06/06/2021,Algeria,Mali,1,0,Friendly,Blida,Algeria,FALSE
06/06/2021,Austria,Slovakia,0,0,Friendly,Vienna,Austria,FALSE
06/06/2021,Belgium,Croatia,1,0,Friendly,Brussels,Belgium,FALSE
06/06/2021,Denmark,Bosnia and Herzegovina,2,0,Friendly,Brondbyvester,Denmark,FALSE
06/06/2021,England,Romania,1,0,Friendly,London,England,FALSE
06/06/2021,Luxembourg,Scotland,0,1,Friendly,Luxembourg City,Luxembourg,FALSE
06/06/2021,Moldova,Azerbaijan,1,0,Friendly,Chișinău,Moldova,FALSE
06/06/2021,Netherlands,Georgia,3,0,Friendly,Enschede,Netherlands,FALSE
06/06/2021,Norway,Greece,1,2,Friendly,Malaga,Spain,TRUE
06/06/2021,Honduras,Costa Rica,2,2,CONCACAF Nations League,Denver,United States,TRUE
06/06/2021,United States,Mexico,3,2,CONCACAF Nations League,Denver,United States,FALSE
07/06/2021,Andorra,Gibraltar,0,0,Friendly,Andorra la Vella,Andorra,FALSE
07/06/2021,Faroe Islands,Liechtenstein,5,1,Friendly,Tórshavn,Faroe Islands,FALSE
07/06/2021,Germany,Latvia,7,1,Friendly,Düsseldorf,Germany,FALSE
07/06/2021,Rwanda,Central African Republic,5,0,Friendly,Kigali,Rwanda,FALSE
07/06/2021,Serbia,Jamaica,1,1,Friendly,Miki,Japan,TRUE
07/06/2021,Ukraine,Cyprus,4,0,Friendly,Kharkiv,Ukraine,FALSE
07/06/2021,Guam,Syria,0,3,FIFA World Cup qualification,Sharjah,United Arab Emirates,TRUE
07/06/2021,China PR,Philippines,2,0,FIFA World Cup qualification,Sharjah,United Arab Emirates,TRUE
07/06/2021,Nepal,Jordan,0,3,FIFA World Cup qualification,Kuwait City,Kuwait,TRUE
07/06/2021,Australia,Taiwan,5,1,FIFA World Cup qualification,Kuwait City,Kuwait,TRUE
07/06/2021,Iraq,Cambodia,4,1,FIFA World Cup qualification,Arad,Iran,TRUE
07/06/2021,Uzbekistan,Singapore,5,0,FIFA World Cup qualification,Riyadh,Saudi Arabia,TRUE
07/06/2021,Bangladesh,India,0,2,FIFA World Cup qualification,Doha,Qatar,TRUE
07/06/2021,Kyrgyzstan,Mongolia,0,1,FIFA World Cup qualification,Osaka,Japan,TRUE
07/06/2021,Japan,Tajikistan,4,1,FIFA World Cup qualification,Suita,Japan,FALSE
07/06/2021,United Arab Emirates,Thailand,3,1,FIFA World Cup qualification,Dubai,United Arab Emirates,FALSE
07/06/2021,Vietnam,Indonesia,4,0,FIFA World Cup qualification,Dubai,United Arab Emirates,TRUE
07/06/2021,Bahrain,Iran,0,3,FIFA World Cup qualification,Riffa,Bahrain,FALSE
07/06/2021,Qatar,Oman,1,0,FIFA World Cup qualification,Doha,Qatar,FALSE
08/06/2021,Benin,Zambia,2,2,Friendly,Cotonou,Benin,FALSE
08/06/2021,Cameroon,Nigeria,0,0,Friendly,Wiener Neustadt,Austria,TRUE
08/06/2021,Czech Republic,Albania,3,1,Friendly,Prague,Czech Republic,FALSE
08/06/2021,France,Bulgaria,3,0,Friendly,Paris,France,FALSE
08/06/2021,Gambia,Togo,1,0,Friendly,Antalya,Turkey,TRUE
08/06/2021,Hungary,Republic of Ireland,0,0,Friendly,Budapest,Hungary,FALSE
08/06/2021,Kosovo,Guinea,1,2,Friendly,Antalya,Turkey,TRUE
08/06/2021,Morocco,Ghana,1,0,Friendly,Rabat,Morocco,FALSE
08/06/2021,Mozambique,Eswatini,1,1,Friendly,Maputo,Mozambique,FALSE
08/06/2021,Poland,Iceland,2,2,Friendly,Poznan,Poland,FALSE
08/06/2021,Senegal,Cape Verde,2,0,Friendly,Thiès,Senegal,FALSE
08/06/2021,Spain,Lithuania,4,0,Friendly,Leganés,Spain,FALSE
08/06/2021,Grenada,Montserrat,1,2,FIFA World Cup qualification,St George's,Grenada,FALSE
08/06/2021,El Salvador,Antigua and Barbuda,3,0,FIFA World Cup qualification,San Salvador,El Salvador,FALSE
08/06/2021,Canada,Suriname,4,0,FIFA World Cup qualification,Bridgeview,United States,TRUE
08/06/2021,Bermuda,Cayman Islands,1,1,FIFA World Cup qualification,Bradenton,United States,TRUE
08/06/2021,Saint Vincent and the Grenadines,Cuba,0,1,FIFA World Cup qualification,St George's,Grenada,TRUE
08/06/2021,Curaçao,Guatemala,0,0,FIFA World Cup qualification,Willemstad,Curaçao,FALSE
08/06/2021,Barbados,Dominica,1,1,FIFA World Cup qualification,Santo Domingo,Dominican Republic,TRUE
08/06/2021,Panama,Dominican Republic,3,0,FIFA World Cup qualification,Panama City,Panama,FALSE
08/06/2021,Haiti,Nicaragua,1,0,FIFA World Cup qualification,Port au Prince,Haiti,FALSE
08/06/2021,Guyana,Puerto Rico,0,2,FIFA World Cup qualification,Basseterre,Saint Kitts and Nevis,TRUE
08/06/2021,Trinidad and Tobago,Saint Kitts and Nevis,2,0,FIFA World Cup qualification,Santo Domingo,Dominican Republic,TRUE
08/06/2021,Ecuador,Peru,1,2,FIFA World Cup qualification,Quito,Ecuador,FALSE
08/06/2021,Colombia,Argentina,2,2,FIFA World Cup qualification,Barranquilla,Colombia,FALSE
08/06/2021,Venezuela,Uruguay,0,0,FIFA World Cup qualification,Caracas,Venezuela,FALSE
08/06/2021,Paraguay,Brazil,0,2,FIFA World Cup qualification,Asunción,Paraguay,FALSE
08/06/2021,Chile,Bolivia,1,1,FIFA World Cup qualification,Santiago,Chile,FALSE
09/06/2021,Turkmenistan,Lebanon,3,2,FIFA World Cup qualification,Goyang,South Korea,TRUE
09/06/2021,Niger,Congo,0,1,Friendly,Antalya,Turkey,TRUE
09/06/2021,Portugal,Israel,4,0,Friendly,Lisbon,Portugal,FALSE
09/06/2021,United States,Costa Rica,4,0,Friendly,Sandy,United States,FALSE
09/06/2021,South Korea,Sri Lanka,5,0,FIFA World Cup qualification,Goyang,South Korea,FALSE
10/06/2021,Estonia,Latvia,2,1,Baltic Cup,Tallinn,Estonia,FALSE
10/06/2021,South Africa,Uganda,3,2,Friendly,Johannesburg,South Africa,FALSE
11/06/2021,Philippines,Guam,3,0,FIFA World Cup qualification,Sharjah,United Arab Emirates,TRUE
11/06/2021,China PR,Maldives,5,0,FIFA World Cup qualification,Sharjah,United Arab Emirates,TRUE
11/06/2021,Nepal,Australia,0,3,FIFA World Cup qualification,Kuwait City,Kuwait,TRUE
11/06/2021,Kuwait,Jordan,0,0,FIFA World Cup qualification,Kuwait City,Kuwait,FALSE
11/06/2021,Cambodia,Iran,0,10,FIFA World Cup qualification,Isa Town,Bahrain,TRUE
11/06/2021,Hong Kong,Iraq,0,1,FIFA World Cup qualification,Arad,Iran,TRUE
11/06/2021,Yemen,Uzbekistan,0,1,FIFA World Cup qualification,Riyadh,Saudi Arabia,TRUE
11/06/2021,Afghanistan,Oman,1,2,FIFA World Cup qualification,Doha,Qatar,TRUE
11/06/2021,Myanmar,Kyrgyzstan,1,8,FIFA World Cup qualification,Osaka,Japan,TRUE
11/06/2021,Malaysia,Vietnam,1,2,FIFA World Cup qualification,Dubai,United Arab Emirates,TRUE
11/06/2021,DR Congo,Mali,1,1,Friendly,Radès,Tunisia,TRUE
11/06/2021,Guinea,Niger,2,1,Friendly,Antalya,Turkey,TRUE
11/06/2021,Kosovo,Gambia,1,0,Friendly,Antalya,Turkey,TRUE
11/06/2021,Mauritania,Liberia,1,0,Friendly,Tunis,Tunisia,TRUE
11/06/2021,Tunisia,Algeria,0,2,Friendly,Radès,Tunisia,FALSE
11/06/2021,Italy,Turkey,3,0,UEFA Euro,Rome,Italy,FALSE
11/06/2021,Saudi Arabia,Singapore,3,0,FIFA World Cup qualification,Riyadh,Saudi Arabia,FALSE
11/06/2021,United Arab Emirates,Indonesia,5,0,FIFA World Cup qualification,Dubai,United Arab Emirates,FALSE
12/06/2021,Haiti,Canada,0,1,FIFA World Cup qualification,Port au Prince,Haiti,FALSE
12/06/2021,Panama,Curaçao,2,1,FIFA World Cup qualification,Panama City,Panama,FALSE
12/06/2021,Saint Kitts and Nevis,El Salvador,0,4,FIFA World Cup qualification,Basseterre,Saint Kitts and Nevis,FALSE
12/06/2021,Ghana,Ivory Coast,0,0,Friendly,Cape Coast,Ghana,FALSE
12/06/2021,Mexico,Honduras,0,0,Friendly,Atlanta,United States,TRUE
12/06/2021,Morocco,Burkina Faso,1,0,Friendly,Rabat,Morocco,FALSE
12/06/2021,Wales,Switzerland,1,1,UEFA Euro,Cardiff,Wales,FALSE
12/06/2021,Denmark,Finland,0,1,UEFA Euro,Copenhagen,Denmark,FALSE
12/06/2021,Russia,Belgium,0,3,UEFA Euro,Saint Petersburg,Russia,FALSE
13/06/2021,South Korea,Lebanon,2,1,FIFA World Cup qualification,Goyang,South Korea,FALSE
13/06/2021,Sudan,Zambia,0,1,Friendly,Omdurman,Sudan,FALSE
13/06/2021,Tanzania,Malawi,2,0,Friendly,Dar es Salaam,Tanzania,FALSE
13/06/2021,Austria,North Macedonia,3,1,UEFA Euro,Bucharest,Romania,TRUE
13/06/2021,Netherlands,Ukraine,3,2,UEFA Euro,Amsterdam,Netherlands,FALSE
13/06/2021,England,Croatia,1,0,UEFA Euro,London,England,FALSE
13/06/2021,Brazil,Venezuela,3,0,Copa América,Brasilia,Brazil,FALSE
13/06/2021,Colombia,Ecuador,1,0,Copa América,Cuiaba,Brazil,TRUE
14/06/2021,Libya,Liberia,0,1,Friendly,Tunis,Tunisia,TRUE
14/06/2021,Scotland,Czech Republic,0,2,UEFA Euro,Glasgow,Scotland,FALSE
14/06/2021,Poland,Slovakia,1,2,UEFA Euro,Saint Petersburg,Russia,TRUE
14/06/2021,Spain,Sweden,0,0,UEFA Euro,Seville,Spain,FALSE
14/06/2021,Argentina,Chile,1,1,Copa América,Rio de Janeiro,Brazil,TRUE
14/06/2021,Paraguay,Bolivia,3,1,Copa América,Goiânia,Brazil,TRUE
15/06/2021,Philippines,Maldives,1,1,FIFA World Cup qualification,Suzhou,China PR,TRUE
15/06/2021,China PR,Syria,3,1,FIFA World Cup qualification,Suzhou,China PR,FALSE
15/06/2021,Australia,Jordan,1,0,FIFA World Cup qualification,Kuwait City,Kuwait,TRUE
15/06/2021,Bahrain,Hong Kong,4,0,FIFA World Cup qualification,Riffa,Bahrain,FALSE
15/06/2021,Iran,Iraq,1,0,FIFA World Cup qualification,Arad,Iran,FALSE
15/06/2021,Palestine,Yemen,3,0,FIFA World Cup qualification,Riyadh,Saudi Arabia,TRUE
15/06/2021,Saudi Arabia,Uzbekistan,3,0,FIFA World Cup qualification,Riyadh,Saudi Arabia,FALSE
15/06/2021,Bangladesh,Oman,0,3,FIFA World Cup qualification,Doha,Qatar,TRUE
15/06/2021,India,Afghanistan,1,1,FIFA World Cup qualification,Doha,Qatar,TRUE
15/06/2021,Tajikistan,Myanmar,4,0,FIFA World Cup qualification,Osaka,Japan,TRUE
15/06/2021,Japan,Kyrgyzstan,5,1,FIFA World Cup qualification,Suita,Japan,FALSE
15/06/2021,Thailand,Malaysia,0,1,FIFA World Cup qualification,Dubai,United Arab Emirates,TRUE
15/06/2021,United Arab Emirates,Vietnam,3,2,FIFA World Cup qualification,Dubai,United Arab Emirates,FALSE
15/06/2021,Canada,Haiti,3,0,FIFA World Cup qualification,Bridgeview,United States,TRUE
15/06/2021,Curaçao,Panama,0,0,FIFA World Cup qualification,Willemstad,Curaçao,FALSE
15/06/2021,El Salvador,Saint Kitts and Nevis,2,0,FIFA World Cup qualification,San Salvador,El Salvador,FALSE
15/06/2021,Tunisia,Mali,1,0,Friendly,Radès,Tunisia,FALSE
15/06/2021,Djibouti,Somalia,1,0,Friendly,Djibouti City,Djibouti,FALSE
15/06/2021,Hungary,Portugal,0,3,UEFA Euro,Budapest,Hungary,FALSE
15/06/2021,Germany,France,0,1,UEFA Euro,Munich,Germany,FALSE
15/06/2021,Kuwait,Taiwan,2,1,FIFA World Cup qualification,Kuwait City,Kuwait,FALSE
16/06/2021,Turkey,Wales,0,2,UEFA Euro,Baku,Azerbaijan,TRUE
16/06/2021,Italy,Switzerland,3,0,UEFA Euro,Rome,Italy,FALSE
16/06/2021,Russia,Finland,1,0,UEFA Euro,Saint Petersburg,Russia,FALSE
17/06/2021,Denmark,Belgium,1,2,UEFA Euro,Copenhagen,Denmark,FALSE
17/06/2021,Ukraine,North Macedonia,2,1,UEFA Euro,Bucharest,Romania,TRUE
17/06/2021,Netherlands,Austria,2,0,UEFA Euro,Amsterdam,Netherlands,FALSE
17/06/2021,Colombia,Venezuela,0,0,Copa América,Goiânia,Brazil,TRUE
17/06/2021,Brazil,Peru,4,0,Copa América,Rio de Janeiro,Brazil,FALSE
17/06/2021,Algeria,Liberia,5,1,Friendly,Oran,Algeria,FALSE
18/06/2021,Croatia,Czech Republic,1,1,UEFA Euro,Glasgow,Scotland,TRUE
18/06/2021,England,Scotland,0,0,UEFA Euro,London,England,FALSE
18/06/2021,Sweden,Slovakia,1,0,UEFA Euro,Saint Petersburg,Russia,TRUE
18/06/2021,Chile,Bolivia,1,0,Copa América,Cuiaba,Brazil,TRUE
18/06/2021,Argentina,Uruguay,1,0,Copa América,Brasilia,Brazil,TRUE
19/06/2021,Spain,Poland,1,1,UEFA Euro,Seville,Spain,FALSE
19/06/2021,Hungary,France,1,1,UEFA Euro,Budapest,Hungary,FALSE
19/06/2021,Germany,Portugal,4,2,UEFA Euro,Munich,Germany,FALSE
19/06/2021,Libya,Sudan,0,1,Arab Cup qualification,Doha,Qatar,TRUE
20/06/2021,Italy,Wales,1,0,UEFA Euro,Rome,Italy,FALSE
20/06/2021,Switzerland,Turkey,3,1,UEFA Euro,Baku,Azerbaijan,TRUE
20/06/2021,Venezuela,Ecuador,2,2,Copa América,Rio de Janeiro,Brazil,TRUE
20/06/2021,Colombia,Peru,1,2,Copa América,Goiânia,Brazil,TRUE
20/06/2021,Oman,Somalia,2,1,Arab Cup qualification,Doha,Qatar,TRUE
21/06/2021,Denmark,Russia,4,1,UEFA Euro,Copenhagen,Denmark,FALSE
21/06/2021,Finland,Belgium,0,2,UEFA Euro,Saint Petersburg,Russia,TRUE
21/06/2021,Netherlands,North Macedonia,3,0,UEFA Euro,Amsterdam,Netherlands,FALSE
21/06/2021,Ukraine,Austria,0,1,UEFA Euro,Bucharest,Romania,TRUE
21/06/2021,Uruguay,Chile,1,1,Copa América,Cuiaba,Brazil,TRUE
21/06/2021,Argentina,Paraguay,1,0,Copa América,Brasilia,Brazil,TRUE
22/06/2021,Scotland,Croatia,1,3,UEFA Euro,Glasgow,Scotland,FALSE
22/06/2021,England,Czech Republic,1,0,UEFA Euro,London,England,FALSE
22/06/2021,Mauritania,Yemen,2,0,Arab Cup qualification,Doha,Qatar,TRUE
23/06/2021,Spain,Slovakia,5,0,UEFA Euro,Seville,Spain,FALSE
23/06/2021,Sweden,Poland,3,2,UEFA Euro,Saint Petersburg,Russia,TRUE
23/06/2021,Germany,Hungary,2,2,UEFA Euro,Munich,Germany,FALSE
23/06/2021,Portugal,France,2,2,UEFA Euro,Budapest,Hungary,TRUE
23/06/2021,Ecuador,Peru,2,2,Copa América,Goiânia,Brazil,TRUE
23/06/2021,Brazil,Colombia,2,1,Copa América,Rio de Janeiro,Brazil,FALSE
23/06/2021,Lebanon,Djibouti,1,0,Arab Cup qualification,Doha,Qatar,TRUE
24/06/2021,Bolivia,Uruguay,0,2,Copa América,Cuiaba,Brazil,TRUE
24/06/2021,Chile,Paraguay,0,2,Copa América,Brasilia,Brazil,TRUE
24/06/2021,Palestine,Comoros,5,1,Arab Cup qualification,Doha,Qatar,TRUE
25/06/2021,Bahrain,Kuwait,2,0,Arab Cup qualification,Doha,Qatar,TRUE
26/06/2021,Italy,Austria,2,1,UEFA Euro,London,England,TRUE
26/06/2021,Wales,Denmark,0,4,UEFA Euro,Amsterdam,Netherlands,TRUE
27/06/2021,Netherlands,Czech Republic,0,2,UEFA Euro,Budapest,Hungary,TRUE
27/06/2021,Belgium,Portugal,1,0,UEFA Euro,Sevilla,Spain,TRUE
27/06/2021,Brazil,Ecuador,1,1,Copa América,Goiânia,Brazil,FALSE
27/06/2021,Venezuela,Peru,0,1,Copa América,Brasilia,Brazil,TRUE
27/06/2021,El Salvador,Guatemala,0,0,Friendly,Los Angeles,United States,TRUE
28/06/2021,Croatia,Spain,3,5,UEFA Euro,Copenhagen,Denmark,TRUE
28/06/2021,France,Switzerland,3,3,UEFA Euro,Bucharest,Romania,TRUE
28/06/2021,Argentina,Bolivia,4,1,Copa América,Cuiaba,Brazil,TRUE
28/06/2021,Uruguay,Paraguay,1,0,Copa América,Rio de Janeiro,Brazil,TRUE
29/06/2021,England,Germany,2,0,UEFA Euro,London,England,FALSE
29/06/2021,Sweden,Ukraine,1,2,UEFA Euro,Glasgow,Scotland,TRUE
30/06/2021,Mexico,Panama,3,0,Friendly,Nashville,United States,TRUE
02/07/2021,Switzerland,Spain,1,1,UEFA Euro,Saint Petersburg,Russia,TRUE
02/07/2021,Belgium,Italy,1,2,UEFA Euro,Munich,Germany,TRUE
02/07/2021,Peru,Paraguay,3,3,Copa América,Goiânia,Brazil,TRUE
02/07/2021,Brazil,Chile,1,0,Copa América,Rio de Janeiro,Brazil,FALSE
02/07/2021,Haiti,Saint Vincent and the Grenadines,6,1,Gold Cup qualification,Fort Lauderdale,United States,TRUE
02/07/2021,Trinidad and Tobago,Montserrat,6,1,Gold Cup qualification,Fort Lauderdale,United States,TRUE
02/07/2021,Bermuda,Barbados,8,1,Gold Cup qualification,Fort Lauderdale,United States,TRUE
03/07/2021,Czech Republic,Denmark,1,2,UEFA Euro,Baku,Azerbaijan,TRUE
03/07/2021,Ukraine,England,0,4,UEFA Euro,Rome,Italy,TRUE
03/07/2021,Mexico,Nigeria,4,0,Friendly,Nashville,United States,TRUE
03/07/2021,Uruguay,Colombia,0,0,Copa América,Brasília,Brazil,TRUE
03/07/2021,Argentina,Ecuador,3,0,Copa América,Goiânia,Brazil,FALSE
03/07/2021,Guatemala,Guyana,4,0,Gold Cup qualification,Fort Lauderdale,United States,TRUE
03/07/2021,Cuba,French Guiana,0,3,Gold Cup qualification,Fort Lauderdale,United States,TRUE
03/07/2021,Guadeloupe,Bahamas,2,0,Gold Cup qualification,Fort Lauderdale,United States,TRUE
04/07/2021,Qatar,El Salvador,1,0,Friendly,Pula,Croatia,TRUE
05/07/2021,Brazil,Peru,1,0,Copa América,Rio de Janeiro,Brazil,FALSE
06/07/2021,Argentina,Colombia,1,1,Copa América,Brasília,Brazil,TRUE
06/07/2021,Italy,Spain,1,1,UEFA Euro,London,England,TRUE
06/07/2021,Haiti,Bermuda,4,1,Gold Cup qualification,Fort Lauderdale,United States,TRUE
06/07/2021,Guatemala,Guadeloupe,1,1,Gold Cup qualification,Fort Lauderdale,United States,TRUE
06/07/2021,Trinidad and Tobago,French Guiana,1,1,Gold Cup qualification,Fort Lauderdale,United States,TRUE
06/07/2021,Eswatini,Lesotho,3,1,COSAFA Cup,Port Elizabeth,South Africa,TRUE
06/07/2021,South Africa,Botswana,1,0,COSAFA Cup,Port Elizabeth,South Africa,FALSE
07/07/2021,England,Denmark,2,1,UEFA Euro,London,England,FALSE
07/07/2021,Mozambique,Zimbabwe,0,0,COSAFA Cup,Port Elizabeth,South Africa,TRUE
07/07/2021,Senegal,Namibia,1,2,COSAFA Cup,Port Elizabeth,South Africa,TRUE
08/07/2021,Zambia,Lesotho,1,2,COSAFA Cup,Port Elizabeth,South Africa,TRUE
08/07/2021,South Africa,Eswatini,1,0,COSAFA Cup,Port Elizabeth,South Africa,FALSE
09/07/2021,Peru,Colombia,2,3,Copa América,Brasília,Brazil,TRUE
09/07/2021,Malawi,Zimbabwe,2,2,COSAFA Cup,Port Elizabeth,South Africa,TRUE
09/07/2021,Senegal,Mozambique,1,0,COSAFA Cup,Port Elizabeth,South Africa,TRUE
10/07/2021,Brazil,Argentina,0,1,Copa América,Rio de Janeiro,Brazil,FALSE
10/07/2021,Lesotho,Botswana,0,4,COSAFA Cup,Port Elizabeth,South Africa,TRUE
10/07/2021,Zambia,Eswatini,0,1,COSAFA Cup,Port Elizabeth,South Africa,TRUE
10/07/2021,Mexico,Trinidad and Tobago,0,0,Gold Cup,Arlington,United States,TRUE
11/07/2021,England,Italy,1,1,UEFA Euro,London,England,FALSE
11/07/2021,Namibia,Zimbabwe,2,0,COSAFA Cup,Port Elizabeth,South Africa,TRUE
11/07/2021,Mozambique,Malawi,2,0,COSAFA Cup,Port Elizabeth,South Africa,TRUE
11/07/2021,El Salvador,Guatemala,2,0,Gold Cup,Frisco,United States,TRUE
11/07/2021,Canada,Martinique,4,1,Gold Cup,Kansas City,United States,TRUE
11/07/2021,United States,Haiti,1,0,Gold Cup,Kansas City,United States,FALSE
12/07/2021,Jamaica,Suriname,2,0,Gold Cup,Orlando,United States,TRUE
12/07/2021,Costa Rica,Guadeloupe,3,1,Gold Cup,Orlando,United States,TRUE
13/07/2021,Botswana,Zambia,1,2,COSAFA Cup,Port Elizabeth,South Africa,TRUE
13/07/2021,South Africa,Lesotho,4,0,COSAFA Cup,Port Elizabeth,South Africa,FALSE
13/07/2021,Senegal,Zimbabwe,2,1,COSAFA Cup,Port Elizabeth,South Africa,TRUE
13/07/2021,Malawi,Namibia,1,1,COSAFA Cup,Port Elizabeth,South Africa,TRUE
13/07/2021,Qatar,Panama,3,3,Gold Cup,Houston,United States,TRUE
13/07/2021,Honduras,Grenada,4,0,Gold Cup,Houston,United States,TRUE
14/07/2021,South Africa,Zambia,0,0,COSAFA Cup,Port Elizabeth,South Africa,FALSE
14/07/2021,Eswatini,Botswana,1,1,COSAFA Cup,Port Elizabeth,South Africa,TRUE
14/07/2021,Mozambique,Namibia,1,0,COSAFA Cup,Port Elizabeth,South Africa,TRUE
14/07/2021,Senegal,Malawi,2,1,COSAFA Cup,Port Elizabeth,South Africa,TRUE
14/07/2021,Trinidad and Tobago,El Salvador,0,2,Gold Cup,Frisco,United States,TRUE
14/07/2021,Guatemala,Mexico,0,3,Gold Cup,Dallas,United States,TRUE
15/07/2021,Haiti,Canada,1,4,Gold Cup,Kansas City,United States,TRUE
15/07/2021,United States,Martinique,6,1,Gold Cup,Kansas City,United States,FALSE
16/07/2021,Senegal,Eswatini,2,2,COSAFA Cup,Port Elizabeth,South Africa,TRUE
16/07/2021,South Africa,Mozambique,3,0,COSAFA Cup,Port Elizabeth,South Africa,FALSE
16/07/2021,Guadeloupe,Jamaica,1,2,Gold Cup,Orlando,United States,TRUE
16/07/2021,Suriname,Costa Rica,1,2,Gold Cup,Orlando,United States,TRUE
17/07/2021,Grenada,Qatar,0,4,Gold Cup,Houston,United States,TRUE
17/07/2021,Panama,Honduras,2,3,Gold Cup,Houston,United States,TRUE
18/07/2021,Eswatini,Mozambique,1,1,COSAFA Cup,Port Elizabeth,South Africa,TRUE
18/07/2021,South Africa,Senegal,0,0,COSAFA Cup,Port Elizabeth,South Africa,FALSE
18/07/2021,Guatemala,Trinidad and Tobago,1,1,Gold Cup,Frisco,United States,TRUE
18/07/2021,Mexico,El Salvador,1,0,Gold Cup,Dallas,United States,TRUE
18/07/2021,Martinique,Haiti,1,2,Gold Cup,Frisco,United States,TRUE
18/07/2021,United States,Canada,1,0,Gold Cup,Kansas City,United States,FALSE
20/07/2021,Suriname,Guadeloupe,2,1,Gold Cup,Houston,United States,TRUE
20/07/2021,Costa Rica,Jamaica,1,0,Gold Cup,Orlando,United States,TRUE
20/07/2021,Panama,Grenada,3,1,Gold Cup,Orlando,United States,TRUE
20/07/2021,Honduras,Qatar,0,2,Gold Cup,Houston,United States,TRUE
24/07/2021,Mexico,Honduras,3,0,Gold Cup,Glendale,United States,TRUE
24/07/2021,Qatar,El Salvador,3,2,Gold Cup,Glendale,United States,TRUE
25/07/2021,Costa Rica,Canada,0,2,Gold Cup,Arlington,United States,TRUE
25/07/2021,United States,Jamaica,1,0,Gold Cup,Arlington,United States,FALSE
29/07/2021,Mexico,Canada,2,1,Gold Cup,Houston,United States,TRUE
29/07/2021,United States,Qatar,1,0,Gold Cup,Austin,United States,FALSE
01/08/2021,United States,Mexico,1,0,Gold Cup,Las Vegas,United States,FALSE
21/08/2021,El Salvador,Costa Rica,0,0,Friendly,Carson,United States,TRUE
22/08/2021,Niger,Sudan,2,1,Friendly,Dubai,United Arab Emirates,TRUE
26/08/2021,Sudan,Niger,3,0,Friendly,Dubai,United Arab Emirates,TRUE
26/08/2021,Ethiopia,Sierra Leone,0,0,Friendly,Addis Ababa,Ethiopia,FALSE
29/08/2021,Ethiopia,Uganda,2,1,Friendly,Addis Ababa,Ethiopia,FALSE
01/09/2021,Bahrain,Haiti,6,1,Friendly,Riffa,Bahrain,FALSE
01/09/2021,Comoros,Seychelles,7,1,Friendly,Moroni,Comoros,FALSE
01/09/2021,Finland,Wales,0,0,Friendly,Helsinki,Finland,FALSE
01/09/2021,Qatar,Serbia,0,4,Friendly,Debrecen,Hungary,TRUE
01/09/2021,Switzerland,Greece,2,1,Friendly,Basel,Switzerland,FALSE
01/09/2021,Central African Republic,Cape Verde,1,1,FIFA World Cup qualification,Douala,Cameroon,TRUE
01/09/2021,Mali,Rwanda,1,0,FIFA World Cup qualification,Agadir,Morocco,TRUE
01/09/2021,Egypt,Angola,1,0,FIFA World Cup qualification,Cairo,Egypt,FALSE
01/09/2021,Libya,Gabon,2,1,FIFA World Cup qualification,Benina,Libya,FALSE
01/09/2021,Senegal,Togo,2,0,FIFA World Cup qualification,Thiès,Senegal,FALSE
01/09/2021,Guinea-Bissau,Guinea,1,1,FIFA World Cup qualification,Nouakchott,Mauritania,TRUE
01/09/2021,Portugal,Republic of Ireland,2,1,FIFA World Cup qualification,Faro-Loulé,Portugal,FALSE
01/09/2021,Luxembourg,Azerbaijan,2,1,FIFA World Cup qualification,Luxembourg,Luxembourg,FALSE
01/09/2021,Kazakhstan,Ukraine,2,2,FIFA World Cup qualification,Nur-Sultan,Kazakhstan,FALSE
01/09/2021,France,Bosnia and Herzegovina,1,1,FIFA World Cup qualification,Strasbourg,France,FALSE
01/09/2021,Faroe Islands,Israel,0,4,FIFA World Cup qualification,Tórshavn,Faroe Islands,FALSE
01/09/2021,Denmark,Scotland,2,0,FIFA World Cup qualification,Copenhagen,Denmark,FALSE
01/09/2021,Moldova,Austria,0,2,FIFA World Cup qualification,Chișinău,Moldova,FALSE
01/09/2021,Norway,Netherlands,1,1,FIFA World Cup qualification,Oslo,Norway,FALSE
01/09/2021,Latvia,Gibraltar,3,1,FIFA World Cup qualification,Riga,Latvia,FALSE
01/09/2021,Turkey,Montenegro,2,2,FIFA World Cup qualification,Istanbul,Turkey,FALSE
01/09/2021,Malta,Cyprus,3,0,FIFA World Cup qualification,Ta'Qali,Malta,FALSE
01/09/2021,Slovenia,Slovakia,1,1,FIFA World Cup qualification,Ljubljana,Slovenia,FALSE
01/09/2021,Russia,Croatia,0,0,FIFA World Cup qualification,Moscow,Russia,FALSE
02/09/2021,Kyrgyzstan,Palestine,1,0,Three Nations Cup,Bishkek,Kyrgyzstan,FALSE
02/09/2021,Nepal,India,1,1,Friendly,Kathmandu,Nepal,FALSE
02/09/2021,Niger,Burkina Faso,0,2,FIFA World Cup qualification,Marrakech,Morocco,TRUE
02/09/2021,Algeria,Djibouti,8,0,FIFA World Cup qualification,Blida,Algeria,FALSE
02/09/2021,Kenya,Uganda,0,0,FIFA World Cup qualification,Nairobi,Kenya,FALSE
02/09/2021,Namibia,Congo,1,1,FIFA World Cup qualification,Johannesburg,South Africa,TRUE
02/09/2021,Morocco,Sudan,2,0,FIFA World Cup qualification,Rabat,Morocco,FALSE
02/09/2021,DR Congo,Tanzania,1,1,FIFA World Cup qualification,Lubumbashi,DR Congo,FALSE
02/09/2021,Madagascar,Benin,0,1,FIFA World Cup qualification,Antananarivo,Madagascar,FALSE
02/09/2021,South Korea,Iraq,0,0,FIFA World Cup qualification,Seoul,South Korea,FALSE
02/09/2021,Iran,Syria,1,0,FIFA World Cup qualification,Tehran,Iran,FALSE
02/09/2021,United Arab Emirates,Lebanon,0,0,FIFA World Cup qualification,Dubai,United Arab Emirates,FALSE
02/09/2021,Japan,Oman,0,1,FIFA World Cup qualification,Suita,Japan,FALSE
02/09/2021,Australia,China PR,3,0,FIFA World Cup qualification,Doha,Qatar,TRUE
02/09/2021,Saudi Arabia,Vietnam,3,1,FIFA World Cup qualification,Riyadh,Saudi Arabia,FALSE
02/09/2021,Georgia,Kosovo,0,1,FIFA World Cup qualification,Batumi,Georgia,FALSE
02/09/2021,Sweden,Spain,2,1,FIFA World Cup qualification,Stockholm,Sweden,FALSE
02/09/2021,Italy,Bulgaria,1,1,FIFA World Cup qualification,Florence,Italy,FALSE
02/09/2021,Lithuania,Northern Ireland,1,4,FIFA World Cup qualification,Vilnius,Lithuania,FALSE
02/09/2021,Czech Republic,Belarus,1,0,FIFA World Cup qualification,Ostrava,Czech Republic,FALSE
02/09/2021,Estonia,Belgium,2,5,FIFA World Cup qualification,Tallinn,Estonia,FALSE
02/09/2021,Andorra,San Marino,2,0,FIFA World Cup qualification,Andorra la Vella,Andorra,FALSE
02/09/2021,Hungary,England,0,4,FIFA World Cup qualification,Budapest,Hungary,FALSE
02/09/2021,Poland,Albania,4,1,FIFA World Cup qualification,Warsaw,Poland,FALSE
02/09/2021,Iceland,Romania,0,2,FIFA World Cup qualification,Reykjavík,Iceland,FALSE
02/09/2021,Liechtenstein,Germany,0,2,FIFA World Cup qualification,St Gallen,Switzerland,TRUE
02/09/2021,North Macedonia,Armenia,0,0,FIFA World Cup qualification,Skopje,North Macedonia,FALSE
02/09/2021,Bolivia,Colombia,1,1,FIFA World Cup qualification,La Paz,Bolivia,FALSE
02/09/2021,Ecuador,Paraguay,2,0,FIFA World Cup qualification,Quito,Ecuador,FALSE
02/09/2021,Peru,Uruguay,1,1,FIFA World Cup qualification,Lima,Peru,FALSE
02/09/2021,Venezuela,Argentina,1,3,FIFA World Cup qualification,Caracas,Venezuela,FALSE
02/09/2021,Chile,Brazil,0,1,FIFA World Cup qualification,Santiago,Chile,FALSE
02/09/2021,Canada,Honduras,1,1,FIFA World Cup qualification,Toronto,Canada,FALSE
02/09/2021,El Salvador,United States,0,0,FIFA World Cup qualification,San Salvador,El Salvador,FALSE
02/09/2021,Panama,Costa Rica,0,0,FIFA World Cup qualification,Panama City,Panama,FALSE
02/09/2021,Mexico,Jamaica,2,1,FIFA World Cup qualification,Mexico City,Mexico,FALSE
03/09/2021,Mauritania,Zambia,1,2,FIFA World Cup qualification,Nouakchott,Mauritania,FALSE
03/09/2021,Tunisia,Equatorial Guinea,3,0,FIFA World Cup qualification,Radès,Tunisia,FALSE
03/09/2021,Nigeria,Liberia,2,0,FIFA World Cup qualification,Lagos,Nigeria,FALSE
03/09/2021,Mozambique,Ivory Coast,0,0,FIFA World Cup qualification,Maputo,Mozambique,FALSE
03/09/2021,Cameroon,Malawi,2,0,FIFA World Cup qualification,Yaoundé,Cameroon,FALSE
03/09/2021,Zimbabwe,South Africa,0,0,FIFA World Cup qualification,Harare,Zimbabwe,FALSE
03/09/2021,Ghana,Ethiopia,1,0,FIFA World Cup qualification,Cape Coast,Ghana,FALSE
04/09/2021,Bosnia and Herzegovina,Kuwait,1,0,Friendly,Zenica,Bosnia and Herzegovina,FALSE
04/09/2021,Burundi,Seychelles,8,1,Friendly,Moroni,Comoros,TRUE
04/09/2021,Haiti,Jordan,2,0,Friendly,Riffa,Bahrain,TRUE
04/09/2021,Qatar,Portugal,1,3,Friendly,Debrecen,Hungary,TRUE
04/09/2021,Republic of Ireland,Azerbaijan,1,1,FIFA World Cup qualification,Dublin,Republic of Ireland,FALSE
04/09/2021,Serbia,Luxembourg,4,1,FIFA World Cup qualification,Belgrade,Serbia,FALSE
04/09/2021,Finland,Kazakhstan,1,0,FIFA World Cup qualification,Helsinki,Finland,FALSE
04/09/2021,Ukraine,France,1,1,FIFA World Cup qualification,Kiev,Ukraine,FALSE
04/09/2021,Faroe Islands,Denmark,0,1,FIFA World Cup qualification,Tórshavn,Faroe Islands,FALSE
04/09/2021,Scotland,Moldova,1,0,FIFA World Cup qualification,Glasgow,Scotland,FALSE
04/09/2021,Israel,Austria,5,2,FIFA World Cup qualification,Haifa,Israel,FALSE
04/09/2021,Latvia,Norway,0,2,FIFA World Cup qualification,Riga,Latvia,FALSE
04/09/2021,Gibraltar,Turkey,0,3,FIFA World Cup qualification,Gibraltar,Gibraltar,FALSE
04/09/2021,Netherlands,Montenegro,4,0,FIFA World Cup qualification,Eindhoven,Netherlands,FALSE
04/09/2021,Slovenia,Malta,1,0,FIFA World Cup qualification,Ljubljana,Slovenia,FALSE
04/09/2021,Cyprus,Russia,0,2,FIFA World Cup qualification,Nicosia,Cyprus,FALSE
04/09/2021,Slovakia,Croatia,0,1,FIFA World Cup qualification,Bratislava,Slovakia,FALSE
05/09/2021,Bangladesh,Palestine,0,2,Three Nations Cup,Bishkek,Kyrgyzstan,TRUE
05/09/2021,Estonia,Northern Ireland,0,1,Friendly,Tallinn,Estonia,FALSE
05/09/2021,Nepal,India,1,2,Friendly,Kathmandu,Nepal,FALSE
05/09/2021,Sweden,Uzbekistan,2,1,Friendly,Stockholm,Sweden,FALSE
05/09/2021,Rwanda,Kenya,1,1,FIFA World Cup qualification,Kigali,Rwanda,FALSE
05/09/2021,Gabon,Egypt,1,1,FIFA World Cup qualification,Franceville,Gabon,FALSE
05/09/2021,Togo,Namibia,0,1,FIFA World Cup qualification,Lomé,Togo,FALSE
05/09/2021,Kosovo,Greece,1,1,FIFA World Cup qualification,Pristina,Kosovo,FALSE
05/09/2021,Spain,Georgia,4,0,FIFA World Cup qualification,Badajoz,Spain,FALSE
05/09/2021,Bulgaria,Lithuania,1,0,FIFA World Cup qualification,Sofia,Bulgaria,FALSE
05/09/2021,Switzerland,Italy,0,0,FIFA World Cup qualification,Basel,Switzerland,FALSE
05/09/2021,Belarus,Wales,2,3,FIFA World Cup qualification,Kazan,Russia,TRUE
05/09/2021,Belgium,Czech Republic,3,0,FIFA World Cup qualification,Brussels,Belgium,FALSE
05/09/2021,England,Andorra,4,0,FIFA World Cup qualification,London,England,FALSE
05/09/2021,Albania,Hungary,1,0,FIFA World Cup qualification,Elbasan,Albania,FALSE
05/09/2021,San Marino,Poland,1,7,FIFA World Cup qualification,Serravalle,San Marino,FALSE
05/09/2021,Iceland,North Macedonia,2,2,FIFA World Cup qualification,Reykjavík,Iceland,FALSE
05/09/2021,Germany,Armenia,6,0,FIFA World Cup qualification,Stuttgart,Germany,FALSE
05/09/2021,Romania,Liechtenstein,2,0,FIFA World Cup qualification,Bucharest,Romania,FALSE
05/09/2021,Ecuador,Chile,0,0,FIFA World Cup qualification,Quito,Ecuador,FALSE
05/09/2021,Paraguay,Colombia,1,1,FIFA World Cup qualification,Asunción,Paraguay,FALSE
05/09/2021,Uruguay,Bolivia,4,2,FIFA World Cup qualification,Montevideo,Uruguay,FALSE
05/09/2021,Peru,Venezuela,1,0,FIFA World Cup qualification,Lima,Peru,FALSE
05/09/2021,Costa Rica,Mexico,0,1,FIFA World Cup qualification,San José,Costa Rica,FALSE
05/09/2021,El Salvador,Honduras,0,0,FIFA World Cup qualification,San Salvador,El Salvador,FALSE
05/09/2021,Jamaica,Panama,0,3,FIFA World Cup qualification,Kingston,Jamaica,FALSE
05/09/2021,United States,Canada,1,1,FIFA World Cup qualification,Nashville,United States,FALSE
06/09/2021,Djibouti,Niger,2,4,FIFA World Cup qualification,Rabat,Morocco,TRUE
06/09/2021,Liberia,Central African Republic,1,0,FIFA World Cup qualification,Douala,Cameroon,TRUE
06/09/2021,Ivory Coast,Cameroon,2,1,FIFA World Cup qualification,Abidjan,Ivory Coast,FALSE
06/09/2021,Uganda,Mali,0,0,FIFA World Cup qualification,Entebbe,Uganda,FALSE
06/09/2021,South Africa,Ghana,1,0,FIFA World Cup qualification,Johannesburg,South Africa,FALSE
06/09/2021,Benin,DR Congo,1,1,FIFA World Cup qualification,Cotonou,Benin,FALSE
07/09/2021,Kyrgyzstan,Bangladesh,4,1,Three Nations Cup,Bishkek,Kyrgyzstan,FALSE
07/09/2021,Bahrain,Jordan,1,2,Friendly,Riffa,Bahrain,FALSE
07/09/2021,Comoros,Burundi,1,0,Friendly,Moroni,Comoros,FALSE
07/09/2021,Luxembourg,Qatar,1,1,Friendly,Luxembourg,Luxembourg,FALSE
07/09/2021,Burkina Faso,Algeria,1,1,FIFA World Cup qualification,Marrakech,Morocco,TRUE
07/09/2021,Zambia,Tunisia,0,2,FIFA World Cup qualification,Ndola,Zambia,FALSE
07/09/2021,Equatorial Guinea,Mauritania,1,0,FIFA World Cup qualification,Malabo,Equatorial Guinea,FALSE
07/09/2021,Cape Verde,Nigeria,1,2,FIFA World Cup qualification,Mindelo,Cape Verde,FALSE
07/09/2021,Malawi,Mozambique,1,0,FIFA World Cup qualification,Johannesburg,South Africa,TRUE
07/09/2021,Angola,Libya,0,1,FIFA World Cup qualification,Luanda,Angola,FALSE
07/09/2021,Ethiopia,Zimbabwe,1,0,FIFA World Cup qualification,Bahir Dar,Ethiopia,FALSE
07/09/2021,Congo,Senegal,1,3,FIFA World Cup qualification,Brazzaville,Congo,FALSE
07/09/2021,Sudan,Guinea-Bissau,2,4,FIFA World Cup qualification,Omdurman,Sudan,FALSE
07/09/2021,Tanzania,Madagascar,3,2,FIFA World Cup qualification,Dar es Salaam,Tanzania,FALSE
07/09/2021,Syria,United Arab Emirates,1,1,FIFA World Cup qualification,Amman,Jordan,TRUE
07/09/2021,South Korea,Lebanon,1,0,FIFA World Cup qualification,Suwon,South Korea,FALSE
07/09/2021,Iraq,Iran,0,3,FIFA World Cup qualification,Doha,Qatar,TRUE
07/09/2021,China PR,Japan,0,1,FIFA World Cup qualification,Doha,Qatar,TRUE
07/09/2021,Vietnam,Australia,0,1,FIFA World Cup qualification,Hanoi,Vietnam,FALSE
07/09/2021,Oman,Saudi Arabia,0,1,FIFA World Cup qualification,Muscat,Oman,FALSE
07/09/2021,Republic of Ireland,Serbia,1,1,FIFA World Cup qualification,Dublin,Republic of Ireland,FALSE
07/09/2021,Azerbaijan,Portugal,0,3,FIFA World Cup qualification,Baku,Azerbaijan,FALSE
07/09/2021,Bosnia and Herzegovina,Kazakhstan,2,2,FIFA World Cup qualification,Zenica,Bosnia and Herzegovina,FALSE
07/09/2021,France,Finland,2,0,FIFA World Cup qualification,Lyon,France,FALSE
07/09/2021,Faroe Islands,Moldova,2,1,FIFA World Cup qualification,Tórshavn,Faroe Islands,FALSE
07/09/2021,Austria,Scotland,0,1,FIFA World Cup qualification,Vienna,Austria,FALSE
07/09/2021,Denmark,Israel,5,0,FIFA World Cup qualification,Copenhagen,Denmark,FALSE
07/09/2021,Montenegro,Latvia,0,0,FIFA World Cup qualification,Podgorica,Montenegro,FALSE
07/09/2021,Netherlands,Turkey,6,1,FIFA World Cup qualification,Amsterdam,Netherlands,FALSE
07/09/2021,Norway,Gibraltar,5,1,FIFA World Cup qualification,Oslo,Norway,FALSE
07/09/2021,Croatia,Slovenia,3,0,FIFA World Cup qualification,Split,Croatia,FALSE
07/09/2021,Slovakia,Cyprus,2,0,FIFA World Cup qualification,Bratislava,Slovakia,FALSE
07/09/2021,Russia,Malta,2,0,FIFA World Cup qualification,Moscow,Russia,FALSE
08/09/2021,Bulgaria,Georgia,4,1,Friendly,Sofia,Bulgaria,FALSE
08/09/2021,Czech Republic,Ukraine,1,1,Friendly,Plzeň,Czech Republic,FALSE
08/09/2021,Guatemala,Nicaragua,2,2,Friendly,Antigua Guatemala,Guatemala,FALSE
08/09/2021,Kosovo,Spain,0,2,FIFA World Cup qualification,Pristina,Kosovo,FALSE
08/09/2021,Greece,Sweden,2,1,FIFA World Cup qualification,Athens,Greece,FALSE
08/09/2021,Northern Ireland,Switzerland,0,0,FIFA World Cup qualification,Belfast,Northern Ireland,FALSE
08/09/2021,Italy,Lithuania,5,0,FIFA World Cup qualification,Reggio Emilia,Italy,FALSE
08/09/2021,Wales,Estonia,0,0,FIFA World Cup qualification,Cardiff,Wales,FALSE
08/09/2021,Belarus,Belgium,0,1,FIFA World Cup qualification,Kazan,Russia,TRUE
08/09/2021,Albania,San Marino,5,0,FIFA World Cup qualification,Elbasan,Albania,FALSE
08/09/2021,Hungary,Andorra,2,1,FIFA World Cup qualification,Budapest,Hungary,FALSE
08/09/2021,Poland,England,1,1,FIFA World Cup qualification,Warsaw,Poland,FALSE
08/09/2021,Iceland,Germany,0,4,FIFA World Cup qualification,Reykjavík,Iceland,FALSE
08/09/2021,Armenia,Liechtenstein,1,1,FIFA World Cup qualification,Yerevan,Armenia,FALSE
08/09/2021,North Macedonia,Romania,0,0,FIFA World Cup qualification,Skopje,North Macedonia,FALSE
08/09/2021,Costa Rica,Jamaica,1,1,FIFA World Cup qualification,San José,Costa Rica,FALSE
08/09/2021,Panama,Mexico,1,1,FIFA World Cup qualification,Panama City,Panama,FALSE
08/09/2021,Canada,El Salvador,3,0,FIFA World Cup qualification,Toronto,Canada,FALSE
08/09/2021,Honduras,United States,1,4,FIFA World Cup qualification,San Pedro Sula,Honduras,FALSE
09/09/2021,Colombia,Chile,3,1,FIFA World Cup qualification,Barranquilla,Colombia,FALSE
09/09/2021,Paraguay,Venezuela,2,1,FIFA World Cup qualification,Asunción,Paraguay,FALSE
09/09/2021,Uruguay,Ecuador,1,0,FIFA World Cup qualification,Montevideo,Uruguay,FALSE
09/09/2021,Argentina,Bolivia,3,0,FIFA World Cup qualification,Buenos Aires,Argentina,FALSE
09/09/2021,Brazil,Peru,2,0,FIFA World Cup qualification,Recife,Brazil,FALSE
24/09/2021,El Salvador,Guatemala,0,2,Friendly,Washington,United States,FALSE
30/09/2021,Egypt,Liberia,2,0,Friendly,Alexandria,Egypt,FALSE
01/10/2021,Sri Lanka,Bangladesh,0,1,SAFF Cup,Malé,Maldives,TRUE
01/10/2021,Maldives,Nepal,0,1,SAFF Cup,Malé,Maldives,FALSE
04/10/2021,Bangladesh,India,1,1,SAFF Cup,Malé,Maldives,TRUE
04/10/2021,Sri Lanka,Nepal,2,3,SAFF Cup,Malé,Maldives,TRUE
06/10/2021,Sudan,Guinea,1,1,FIFA World Cup qualification,Marrakech,Morocco,TRUE
06/10/2021,Morocco,Guinea-Bissau,5,0,FIFA World Cup qualification,Rabat,Morocco,FALSE
06/10/2021,Bahrain,Curaçao,4,0,Friendly,Riffa,Bahrain,FALSE
06/10/2021,Jordan,Malaysia,4,0,Friendly,Amman,Jordan,FALSE
06/10/2021,Sierra Leone,South Sudan,1,1,Friendly,El Jadida,Morocco,TRUE
06/10/2021,Italy,Spain,1,2,UEFA Nations League,Milan,Italy,FALSE
07/10/2021,Iraq,Lebanon,0,0,FIFA World Cup qualification,Doha,Qatar,TRUE
07/10/2021,South Korea,Syria,2,1,FIFA World Cup qualification,Ansan,South Korea,FALSE
07/10/2021,United Arab Emirates,Iran,0,1,FIFA World Cup qualification,Dubai,United Arab Emirates,FALSE
07/10/2021,Saudi Arabia,Japan,1,0,FIFA World Cup qualification,Jeddah,Saudi Arabia,FALSE
07/10/2021,China PR,Vietnam,3,2,FIFA World Cup qualification,Sharjah,United Arab Emirates,TRUE
07/10/2021,Australia,Oman,3,1,FIFA World Cup qualification,Doha,Qatar,TRUE
07/10/2021,Honduras,Costa Rica,0,0,FIFA World Cup qualification,San Pedro Sula,Honduras,FALSE
07/10/2021,United States,Jamaica,2,0,FIFA World Cup qualification,Austin,United States,FALSE
07/10/2021,El Salvador,Panama,1,0,FIFA World Cup qualification,San Salvador,El Salvador,FALSE
07/10/2021,Mexico,Canada,1,1,FIFA World Cup qualification,Mexico City,Mexico,FALSE
07/10/2021,Equatorial Guinea,Zambia,2,0,FIFA World Cup qualification,Malabo,Equatorial Guinea,FALSE
07/10/2021,Tunisia,Mauritania,3,0,FIFA World Cup qualification,Radès,Tunisia,FALSE
07/10/2021,Liberia,Cape Verde,1,2,FIFA World Cup qualification,Accra,Ghana,TRUE
07/10/2021,Nigeria,Central African Republic,0,1,FIFA World Cup qualification,Lagos,Nigeria,FALSE
07/10/2021,Rwanda,Uganda,0,1,FIFA World Cup qualification,Kigali,Rwanda,FALSE
07/10/2021,Mali,Kenya,5,0,FIFA World Cup qualification,Agadir,Morocco,TRUE
07/10/2021,DR Congo,Madagascar,2,0,FIFA World Cup qualification,Kinshasa,DR Congo,TRUE
07/10/2021,Tanzania,Benin,0,1,FIFA World Cup qualification,Dar es Salaam,Tanzania,FALSE
07/10/2021,Ecuador,Bolivia,3,0,FIFA World Cup qualification,Guayaquil,Ecuador,FALSE
07/10/2021,Venezuela,Brazil,1,3,FIFA World Cup qualification,Caracas,Venezuela,FALSE
07/10/2021,Paraguay,Argentina,0,0,FIFA World Cup qualification,Asunción,Paraguay,FALSE
07/10/2021,Peru,Chile,2,0,FIFA World Cup qualification,Lima,Peru,FALSE
07/10/2021,Uruguay,Colombia,0,0,FIFA World Cup qualification,Montevideo,Uruguay,FALSE
07/10/2021,Indonesia,Taiwan,2,1,AFC Asian Cup qualification,Buriram,Thailand,TRUE
07/10/2021,India,Sri Lanka,0,0,SAFF Cup,Malé,Maldives,TRUE
07/10/2021,Maldives,Bangladesh,2,0,SAFF Cup,Malé,Maldives,FALSE
07/10/2021,Belgium,France,2,3,UEFA Nations League,Turin,Italy,TRUE
08/10/2021,Czech Republic,Wales,2,2,FIFA World Cup qualification,Prague,Czech Republic,FALSE
08/10/2021,Estonia,Belarus,2,0,FIFA World Cup qualification,Tallinn,Estonia,FALSE
08/10/2021,Gibraltar,Montenegro,0,3,FIFA World Cup qualification,Gibraltar,Gibraltar,FALSE
08/10/2021,Latvia,Netherlands,0,1,FIFA World Cup qualification,Riga,Latvia,FALSE
08/10/2021,Turkey,Norway,1,1,FIFA World Cup qualification,Istanbul,Turkey,FALSE
08/10/2021,Malta,Slovenia,0,4,FIFA World Cup qualification,Ta'Qali,Malta,FALSE
08/10/2021,Cyprus,Croatia,0,3,FIFA World Cup qualification,Larnaca,Cyprus,FALSE
08/10/2021,Russia,Slovakia,1,0,FIFA World Cup qualification,Kazan,Russia,FALSE
08/10/2021,Iceland,Armenia,1,1,FIFA World Cup qualification,Reykjavík,Iceland,FALSE
08/10/2021,Germany,Romania,2,1,FIFA World Cup qualification,Hamburg,Germany,FALSE
08/10/2021,Liechtenstein,North Macedonia,0,4,FIFA World Cup qualification,Vaduz,Liechtenstein,FALSE
08/10/2021,Algeria,Niger,6,1,FIFA World Cup qualification,Algiers,Algeria,FALSE
08/10/2021,Djibouti,Burkina Faso,0,4,FIFA World Cup qualification,Marrakech,Morocco,TRUE
08/10/2021,Malawi,Ivory Coast,0,3,FIFA World Cup qualification,Johannesburg,South Africa,TRUE
08/10/2021,Cameroon,Mozambique,3,1,FIFA World Cup qualification,Douala,Cameroon,FALSE
08/10/2021,Angola,Gabon,3,1,FIFA World Cup qualification,Luanda,Angola,FALSE
08/10/2021,Egypt,Libya,1,0,FIFA World Cup qualification,Alexandria,Egypt,FALSE
09/10/2021,Azerbaijan,Republic of Ireland,0,3,FIFA World Cup qualification,Baku,Azerbaijan,FALSE
09/10/2021,Luxembourg,Serbia,0,1,FIFA World Cup qualification,Luxembourg,Luxembourg,FALSE
09/10/2021,Sweden,Kosovo,3,0,FIFA World Cup qualification,Stockholm,Sweden,FALSE
09/10/2021,Georgia,Greece,0,2,FIFA World Cup qualification,Batumi,Georgia,FALSE
09/10/2021,Lithuania,Bulgaria,3,1,FIFA World Cup qualification,Vilnius,Lithuania,FALSE
09/10/2021,Switzerland,Northern Ireland,2,0,FIFA World Cup qualification,Geneva,Switzerland,FALSE
09/10/2021,Finland,Ukraine,1,2,FIFA World Cup qualification,Helsinki,Finland,FALSE
09/10/2021,Kazakhstan,Bosnia and Herzegovina,0,2,FIFA World Cup qualification,Nur-Sultan,Kazakhstan,FALSE
09/10/2021,Scotland,Israel,3,2,FIFA World Cup qualification,Glasgow,Scotland,FALSE
09/10/2021,Faroe Islands,Austria,0,2,FIFA World Cup qualification,Tórshavn,Faroe Islands,FALSE
09/10/2021,Moldova,Denmark,0,4,FIFA World Cup qualification,Chișinău,Moldova,FALSE
09/10/2021,Andorra,England,0,5,FIFA World Cup qualification,Andorra la Vella,Andorra,FALSE
09/10/2021,Hungary,Albania,0,1,FIFA World Cup qualification,Budapest,Hungary,FALSE
09/10/2021,Poland,San Marino,5,0,FIFA World Cup qualification,Warsaw,Poland,FALSE
09/10/2021,Ethiopia,South Africa,1,3,FIFA World Cup qualification,Bahir Dar,Ethiopia,FALSE
09/10/2021,Ghana,Zimbabwe,3,1,FIFA World Cup qualification,Cape Coast,Ghana,FALSE
09/10/2021,Togo,Congo,1,1,FIFA World Cup qualification,Lomé,Togo,FALSE
09/10/2021,Senegal,Namibia,4,1,FIFA World Cup qualification,Thiès,Senegal,FALSE
09/10/2021,Guinea,Sudan,2,2,FIFA World Cup qualification,Agadir,Morocco,TRUE
09/10/2021,Curaçao,New Zealand,1,2,Friendly,Riffa,Bahrain,TRUE
09/10/2021,Gambia,Sierra Leone,1,2,Friendly,El Jadida,Morocco,TRUE
09/10/2021,Portugal,Qatar,3,0,Friendly,Faro-Loulé,Portugal,FALSE
09/10/2021,Uzbekistan,Malaysia,5,1,Friendly,Amman,Jordan,TRUE
09/10/2021,Guam,Cambodia,0,1,AFC Asian Cup qualification,Isa Town,Bahrain,TRUE
09/10/2021,Morocco,Guinea-Bissau,3,0,FIFA World Cup qualification,Casablanca,Morocco,FALSE
10/10/2021,Costa Rica,El Salvador,2,1,FIFA World Cup qualification,San José,Costa Rica,FALSE
10/10/2021,Jamaica,Canada,0,0,FIFA World Cup qualification,Kingston,Jamaica,FALSE
10/10/2021,Panama,United States,1,0,FIFA World Cup qualification,Panama City,Panama,FALSE
10/10/2021,Mexico,Honduras,3,0,FIFA World Cup qualification,Mexico City,Mexico,FALSE
10/10/2021,Zambia,Equatorial Guinea,1,1,FIFA World Cup qualification,Lusaka,Zambia,FALSE
10/10/2021,Mauritania,Tunisia,0,0,FIFA World Cup qualification,Nouakchott,Mauritania,FALSE
10/10/2021,Central African Republic,Nigeria,0,2,FIFA World Cup qualification,Limbé,Cameroon,TRUE
10/10/2021,Cape Verde,Liberia,1,0,FIFA World Cup qualification,Mindelo,Cape Verde,FALSE
10/10/2021,Kenya,Mali,0,1,FIFA World Cup qualification,Nairobi,Kenya,FALSE
10/10/2021,Uganda,Rwanda,1,0,FIFA World Cup qualification,Entebbe,Uganda,FALSE
10/10/2021,Benin,Tanzania,0,1,FIFA World Cup qualification,Cotonou,Benin,FALSE
10/10/2021,Madagascar,DR Congo,1,0,FIFA World Cup qualification,Antananarivo,Madagascar,FALSE
10/10/2021,Bolivia,Peru,1,0,FIFA World Cup qualification,La Paz,Bolivia,FALSE
10/10/2021,Colombia,Brazil,0,0,FIFA World Cup qualification,Barranquilla,Colombia,FALSE
10/10/2021,Venezuela,Ecuador,2,1,FIFA World Cup qualification,Caracas,Venezuela,FALSE
10/10/2021,Argentina,Uruguay,3,0,FIFA World Cup qualification,Buenos Aires,Argentina,FALSE
10/10/2021,Chile,Paraguay,2,0,FIFA World Cup qualification,Santiago,Chile,FALSE
10/10/2021,Maldives,Sri Lanka,1,0,SAFF Cup,Malé,Maldives,FALSE
10/10/2021,Nepal,India,0,1,SAFF Cup,Malé,Maldives,TRUE
10/10/2021,Italy,Belgium,2,1,UEFA Nations League,Turin,Italy,FALSE
10/10/2021,Spain,France,1,2,UEFA Nations League,Milan,Italy,TRUE
11/10/2021,Belarus,Czech Republic,0,2,FIFA World Cup qualification,Kazan,Russia,TRUE
11/10/2021,Estonia,Wales,0,1,FIFA World Cup qualification,Tallinn,Estonia,FALSE
11/10/2021,Netherlands,Gibraltar,6,0,FIFA World Cup qualification,Rotterdam,Netherlands,FALSE
11/10/2021,Norway,Montenegro,2,0,FIFA World Cup qualification,Oslo,Norway,FALSE
11/10/2021,Latvia,Turkey,1,2,FIFA World Cup qualification,Riga,Latvia,FALSE
11/10/2021,Cyprus,Malta,2,2,FIFA World Cup qualification,Larnaca,Cyprus,FALSE
11/10/2021,Croatia,Slovakia,2,2,FIFA World Cup qualification,Osijek,Croatia,FALSE
11/10/2021,Slovenia,Russia,1,2,FIFA World Cup qualification,Maribor,Slovenia,FALSE
11/10/2021,Iceland,Liechtenstein,4,0,FIFA World Cup qualification,Reykjavík,Iceland,FALSE
11/10/2021,North Macedonia,Germany,0,4,FIFA World Cup qualification,Skopje,North Macedonia,FALSE
11/10/2021,Romania,Armenia,1,0,FIFA World Cup qualification,Bucharest,Romania,FALSE
11/10/2021,Burkina Faso,Djibouti,2,0,FIFA World Cup qualification,Marrakech,Morocco,TRUE
11/10/2021,Mozambique,Cameroon,0,1,FIFA World Cup qualification,Tangiers,Morocco,TRUE
11/10/2021,Ivory Coast,Malawi,2,1,FIFA World Cup qualification,Cotonou,Benin,TRUE
11/10/2021,Gabon,Angola,2,0,FIFA World Cup qualification,Franceville,Gabon,FALSE
11/10/2021,Libya,Egypt,0,3,FIFA World Cup qualification,Benina,Libya,FALSE
11/10/2021,Taiwan,Indonesia,0,3,AFC Asian Cup qualification,Buriram,Thailand,TRUE
12/10/2021,Iran,South Korea,1,1,FIFA World Cup qualification,Tehran,Iran,FALSE
12/10/2021,Syria,Lebanon,2,3,FIFA World Cup qualification,Amman,Jordan,TRUE
12/10/2021,United Arab Emirates,Iraq,2,2,FIFA World Cup qualification,Dubai,United Arab Emirates,FALSE
12/10/2021,Japan,Australia,2,1,FIFA World Cup qualification,Saitama,Japan,FALSE
12/10/2021,Oman,Vietnam,3,1,FIFA World Cup qualification,Muscat,Oman,FALSE
12/10/2021,Saudi Arabia,China PR,3,2,FIFA World Cup qualification,Jeddah,Saudi Arabia,FALSE
12/10/2021,Portugal,Luxembourg,5,0,FIFA World Cup qualification,Faro-Loulé,Portugal,FALSE
12/10/2021,Serbia,Azerbaijan,3,1,FIFA World Cup qualification,Belgrade,Serbia,FALSE
12/10/2021,Kosovo,Georgia,1,2,FIFA World Cup qualification,Pristina,Kosovo,FALSE
12/10/2021,Sweden,Greece,2,0,FIFA World Cup qualification,Stockholm,Sweden,FALSE
12/10/2021,Bulgaria,Northern Ireland,2,1,FIFA World Cup qualification,Sofia,Bulgaria,FALSE
12/10/2021,Lithuania,Switzerland,0,4,FIFA World Cup qualification,Vilnius,Lithuania,FALSE
12/10/2021,Kazakhstan,Finland,0,2,FIFA World Cup qualification,Nur-Sultan,Kazakhstan,FALSE
12/10/2021,Ukraine,Bosnia and Herzegovina,1,1,FIFA World Cup qualification,Lviv,Ukraine,FALSE
12/10/2021,Faroe Islands,Scotland,0,1,FIFA World Cup qualification,Tórshavn,Faroe Islands,FALSE
12/10/2021,Denmark,Austria,1,0,FIFA World Cup qualification,Copenhagen,Denmark,FALSE
12/10/2021,Israel,Moldova,2,1,FIFA World Cup qualification,Beer Sheva,Israel,FALSE
12/10/2021,England,Hungary,1,1,FIFA World Cup qualification,London,England,FALSE
12/10/2021,Albania,Poland,0,1,FIFA World Cup qualification,Tirana,Albania,FALSE
12/10/2021,San Marino,Andorra,0,3,FIFA World Cup qualification,Serravalle,San Marino,FALSE
12/10/2021,Niger,Algeria,0,4,FIFA World Cup qualification,Niamey,Niger,FALSE
12/10/2021,Zimbabwe,Ghana,0,1,FIFA World Cup qualification,Harare,Zimbabwe,FALSE
12/10/2021,South Africa,Ethiopia,1,0,FIFA World Cup qualification,Johannesburg,South Africa,FALSE
12/10/2021,Namibia,Senegal,1,3,FIFA World Cup qualification,Johannesburg,South Africa,TRUE
12/10/2021,Congo,Togo,1,2,FIFA World Cup qualification,Brazzaville,Congo,FALSE
12/10/2021,Bahrain,New Zealand,0,1,Friendly,Riffa,Bahrain,FALSE
12/10/2021,Jordan,Uzbekistan,3,0,Friendly,Amman,Jordan,FALSE
12/10/2021,Republic of Ireland,Qatar,4,0,Friendly,Dublin,Republic of Ireland,FALSE
12/10/2021,South Sudan,Gambia,1,2,Friendly,El Jadida,Morocco,TRUE
12/10/2021,Cambodia,Guam,2,1,AFC Asian Cup qualification,Isa Town,Bahrain,TRUE
12/10/2021,Morocco,Guinea,4,1,FIFA World Cup qualification,Agadir,Morocco,FALSE
13/10/2021,Honduras,Jamaica,0,2,FIFA World Cup qualification,San Pedro Sula,Honduras,FALSE
13/10/2021,United States,Costa Rica,2,1,FIFA World Cup qualification,Columbus,United States,FALSE
13/10/2021,Canada,Panama,4,1,FIFA World Cup qualification,Toronto,Canada,FALSE
13/10/2021,El Salvador,Mexico,0,2,FIFA World Cup qualification,San Salvador,El Salvador,FALSE
13/10/2021,Bangladesh,Nepal,1,1,SAFF Cup,Malé,Maldives,TRUE
13/10/2021,Maldives,India,1,3,SAFF Cup,Malé,Maldives,FALSE
14/10/2021,Bolivia,Paraguay,4,0,FIFA World Cup qualification,La Paz,Bolivia,FALSE
14/10/2021,Colombia,Ecuador,0,0,FIFA World Cup qualification,Barranquilla,Colombia,FALSE
14/10/2021,Argentina,Peru,1,0,FIFA World Cup qualification,Buenos Aires,Argentina,FALSE
14/10/2021,Brazil,Uruguay,4,1,FIFA World Cup qualification,Manaus,Brazil,FALSE
14/10/2021,Chile,Venezuela,3,0,FIFA World Cup qualification,Santiago,Chile,FALSE
16/10/2021,India,Nepal,3,0,SAFF Cup,Malé,Maldives,TRUE
27/10/2021,Mexico,Ecuador,2,3,Friendly,Charlotte,United States,TRUE
05/11/2021,El Salvador,Bolivia,0,1,Friendly,Washington,United States,TRUE
09/11/2021,Sri Lanka,Maldives,4,4,Mahinda Rajapaksa Cup,Columbo,Sri Lanka,FALSE
10/11/2021,Kosovo,Jordan,0,2,Friendly,Pristina,Kosovo,FALSE
10/11/2021,Nicaragua,Cuba,0,3,Friendly,Managua,Nicaragua,FALSE
10/11/2021,Bangladesh,Seychelles,1,1,Mahinda Rajapaksa Cup,Columbo,Sri Lanka,TRUE
11/11/2021,Czech Republic,Kuwait,7,0,Friendly,Olomouc,Czech Republic,FALSE
11/11/2021,Kyrgyzstan,Singapore,2,1,Friendly,Sharjah,United Arab Emirates,TRUE
11/11/2021,Serbia,Qatar,4,0,Friendly,Belgrade,Serbia,FALSE
11/11/2021,Ukraine,Bulgaria,1,1,Friendly,Odessa,Ukraine,FALSE
11/11/2021,Uganda,Kenya,1,1,FIFA World Cup qualification,Entebbe,Uganda,FALSE
11/11/2021,Rwanda,Mali,0,3,FIFA World Cup qualification,Kigali,Rwanda,FALSE
11/11/2021,Ethiopia,Ghana,1,1,FIFA World Cup qualification,Johannesburg,South Africa,TRUE
11/11/2021,South Africa,Zimbabwe,1,0,FIFA World Cup qualification,Johannesburg,South Africa,FALSE
11/11/2021,Congo,Namibia,1,1,FIFA World Cup qualification,Brazzaville,Congo,FALSE
11/11/2021,Togo,Senegal,1,1,FIFA World Cup qualification,Lomé,Togo,FALSE
11/11/2021,Tanzania,DR Congo,0,3,FIFA World Cup qualification,Dar es Salaam,Tanzania,FALSE
11/11/2021,Benin,Madagascar,2,0,FIFA World Cup qualification,Cotonou,Benin,FALSE
11/11/2021,Lebanon,Iran,1,2,FIFA World Cup qualification,Sidon,Lebanon,FALSE
11/11/2021,Iraq,Syria,1,1,FIFA World Cup qualification,Al Rayyan,Qatar,TRUE
11/11/2021,South Korea,United Arab Emirates,1,0,FIFA World Cup qualification,Goyang,South Korea,FALSE
11/11/2021,China PR,Oman,1,1,FIFA World Cup qualification,Sharjah,United Arab Emirates,TRUE
11/11/2021,Vietnam,Japan,0,1,FIFA World Cup qualification,Hanoi,Vietnam,FALSE
11/11/2021,Australia,Saudi Arabia,0,0,FIFA World Cup qualification,Sydney,Australia,FALSE
11/11/2021,Republic of Ireland,Portugal,0,0,FIFA World Cup qualification,Dublin,Republic of Ireland,FALSE
11/11/2021,Azerbaijan,Luxembourg,1,3,FIFA World Cup qualification,Baku,Azerbaijan,FALSE
11/11/2021,Georgia,Sweden,2,0,FIFA World Cup qualification,Batumi,Georgia,FALSE
11/11/2021,Greece,Spain,0,1,FIFA World Cup qualification,Athens,Greece,FALSE
11/11/2021,Russia,Cyprus,6,0,FIFA World Cup qualification,Saint Petersburg,Russia,FALSE
11/11/2021,Malta,Croatia,1,7,FIFA World Cup qualification,Ta'Qali,Malta,FALSE
11/11/2021,Slovakia,Slovenia,2,2,FIFA World Cup qualification,Trnava,Slovakia,FALSE
11/11/2021,Germany,Liechtenstein,9,0,FIFA World Cup qualification,Wolfsburg,Germany,FALSE
11/11/2021,Armenia,North Macedonia,0,5,FIFA World Cup qualification,Yerevan,Armenia,FALSE
11/11/2021,Romania,Iceland,0,0,FIFA World Cup qualification,Bucharest,Romania,FALSE
11/11/2021,Ecuador,Venezuela,1,0,FIFA World Cup qualification,Quito,Ecuador,FALSE
11/11/2021,Paraguay,Chile,0,1,FIFA World Cup qualification,Asunción,Paraguay,FALSE
11/11/2021,Peru,Bolivia,3,0,FIFA World Cup qualification,Lima,Peru,FALSE
11/11/2021,Brazil,Colombia,1,0,FIFA World Cup qualification,São Paulo,Brazil,FALSE
12/11/2021,Burkina Faso,Niger,1,1,FIFA World Cup qualification,Marrakech,Morocco,TRUE
12/11/2021,Djibouti,Algeria,0,4,FIFA World Cup qualification,Cairo,Egypt,TRUE
12/11/2021,Gabon,Libya,1,0,FIFA World Cup qualification,Franceville,Gabon,FALSE
12/11/2021,Angola,Egypt,2,2,FIFA World Cup qualification,Luanda,Angola,FALSE
12/11/2021,Guinea,Guinea-Bissau,0,0,FIFA World Cup qualification,Conakry,Guinea,FALSE
12/11/2021,Sudan,Morocco,0,3,FIFA World Cup qualification,Rabat,Morocco,TRUE
12/11/2021,Canada,Costa Rica,1,0,FIFA World Cup qualification,Edmonton,Canada,FALSE
12/11/2021,Honduras,Panama,2,3,FIFA World Cup qualification,San Pedro Sula,Honduras,FALSE
12/11/2021,El Salvador,Jamaica,1,1,FIFA World Cup qualification,San Salvador,El Salvador,FALSE
12/11/2021,United States,Mexico,2,0,FIFA World Cup qualification,Cincinnati,United States,FALSE
12/11/2021,Northern Ireland,Lithuania,1,0,FIFA World Cup qualification,Belfast,Northern Ireland,FALSE
12/11/2021,Italy,Switzerland,1,1,FIFA World Cup qualification,Rome,Italy,FALSE
12/11/2021,Moldova,Scotland,0,2,FIFA World Cup qualification,Chișinău,Moldova,FALSE
12/11/2021,Denmark,Faroe Islands,3,1,FIFA World Cup qualification,Copenhagen,Denmark,FALSE
12/11/2021,Austria,Israel,4,2,FIFA World Cup qualification,Klagenfurt,Austria,FALSE
12/11/2021,England,Albania,5,0,FIFA World Cup qualification,London,England,FALSE
12/11/2021,Andorra,Poland,1,4,FIFA World Cup qualification,Andorra la Vella,Andorra,FALSE
12/11/2021,Hungary,San Marino,4,0,FIFA World Cup qualification,Budapest,Hungary,FALSE
12/11/2021,Uruguay,Argentina,0,1,FIFA World Cup qualification,Montevideo,Uruguay,FALSE
13/11/2021,Burundi,Myanmar,2,1,Friendly,Manavgat,Turkey,TRUE
13/11/2021,Nicaragua,Cuba,2,0,Friendly,Managua,Nicaragua,FALSE
13/11/2021,Sierra Leone,Comoros,0,2,Friendly,Sapanca,Turkey,TRUE
13/11/2021,Bangladesh,Maldives,2,1,Mahinda Rajapaksa Cup,Columbo,Sri Lanka,TRUE
13/11/2021,Sri Lanka,Seychelles,0,1,Mahinda Rajapaksa Cup,Columbo,Sri Lanka,FALSE
13/11/2021,Zambia,Mauritania,4,0,FIFA World Cup qualification,Lusaka,Zambia,FALSE
13/11/2021,Equatorial Guinea,Tunisia,1,0,FIFA World Cup qualification,Malabo,Equatorial Guinea,FALSE
13/11/2021,Cape Verde,Central African Republic,2,1,FIFA World Cup qualification,Mindelo,Cape Verde,FALSE
13/11/2021,Liberia,Nigeria,0,2,FIFA World Cup qualification,Tangiers,Morocco,TRUE
13/11/2021,Malawi,Cameroon,0,4,FIFA World Cup qualification,Johannesburg,South Africa,TRUE
13/11/2021,Ivory Coast,Mozambique,3,0,FIFA World Cup qualification,Cotonou,Benin,TRUE
13/11/2021,Bosnia and Herzegovina,Finland,1,3,FIFA World Cup qualification,Zenica,Bosnia and Herzegovina,FALSE
13/11/2021,France,Kazakhstan,8,0,FIFA World Cup qualification,Paris,France,FALSE
13/11/2021,Wales,Belarus,5,1,FIFA World Cup qualification,Cardiff,Wales,FALSE
13/11/2021,Belgium,Estonia,3,1,FIFA World Cup qualification,Brussels,Belgium,FALSE
13/11/2021,Norway,Latvia,0,0,FIFA World Cup qualification,Oslo,Norway,FALSE
13/11/2021,Turkey,Gibraltar,6,0,FIFA World Cup qualification,Istanbul,Turkey,FALSE
13/11/2021,Montenegro,Netherlands,2,2,FIFA World Cup qualification,Podgorica,Montenegro,FALSE
14/11/2021,Azerbaijan,Qatar,2,2,Friendly,Baku,Azerbaijan,FALSE
14/11/2021,Nicaragua,Cuba,2,0,Friendly,Managua,Nicaragua,FALSE
14/11/2021,Mali,Uganda,1,0,FIFA World Cup qualification,Agadir,Morocco,TRUE
14/11/2021,Zimbabwe,Ethiopia,1,1,FIFA World Cup qualification,Harare,Zimbabwe,FALSE
14/11/2021,Ghana,South Africa,1,0,FIFA World Cup qualification,Cape Coast,Ghana,FALSE
14/11/2021,Senegal,Congo,2,0,FIFA World Cup qualification,Thiès,Senegal,FALSE
14/11/2021,DR Congo,Benin,2,0,FIFA World Cup qualification,Kinshasa,DR Congo,FALSE
14/11/2021,Madagascar,Tanzania,1,1,FIFA World Cup qualification,Antananarivo,Madagascar,FALSE
14/11/2021,Portugal,Serbia,1,2,FIFA World Cup qualification,Lisbon,Portugal,FALSE
14/11/2021,Luxembourg,Republic of Ireland,0,3,FIFA World Cup qualification,Luxembourg,Luxembourg,FALSE
14/11/2021,Spain,Sweden,1,0,FIFA World Cup qualification,Seville,Spain,FALSE
14/11/2021,Greece,Kosovo,1,1,FIFA World Cup qualification,Athens,Greece,FALSE
14/11/2021,Croatia,Russia,1,0,FIFA World Cup qualification,Split,Croatia,FALSE
14/11/2021,Malta,Slovakia,0,6,FIFA World Cup qualification,Ta'Qali,Malta,FALSE
14/11/2021,Slovenia,Cyprus,2,1,FIFA World Cup qualification,Ljubljana,Slovenia,FALSE
14/11/2021,Liechtenstein,Romania,0,2,FIFA World Cup qualification,Vaduz,Liechtenstein,FALSE
14/11/2021,North Macedonia,Iceland,3,1,FIFA World Cup qualification,Skopje,North Macedonia,FALSE
14/11/2021,Armenia,Germany,1,4,FIFA World Cup qualification,Yerevan,Armenia,FALSE
15/11/2021,Georgia,Uzbekistan,1,0,Friendly,Gori,Georgia,FALSE
15/11/2021,Lithuania,Kuwait,1,1,Friendly,Vilnius,Lithuania,FALSE
15/11/2021,Niger,Djibouti,7,2,FIFA World Cup qualification,Niamey,Niger,FALSE
15/11/2021,Kenya,Rwanda,2,1,FIFA World Cup qualification,Nairobi,Kenya,FALSE
15/11/2021,Namibia,Togo,0,1,FIFA World Cup qualification,Johannesburg,South Africa,TRUE
15/11/2021,Guinea-Bissau,Sudan,0,0,FIFA World Cup qualification,Marrakech,Morocco,TRUE
15/11/2021,Northern Ireland,Italy,0,0,FIFA World Cup qualification,Belfast,Northern Ireland,FALSE
15/11/2021,Switzerland,Bulgaria,4,0,FIFA World Cup qualification,Lucerne,Switzerland,FALSE
15/11/2021,Scotland,Denmark,2,0,FIFA World Cup qualification,Glasgow,Scotland,FALSE
15/11/2021,Austria,Moldova,4,1,FIFA World Cup qualification,Klagenfurt,Austria,FALSE
15/11/2021,Israel,Faroe Islands,3,2,FIFA World Cup qualification,Netanya,Israel,FALSE
15/11/2021,Albania,Andorra,1,0,FIFA World Cup qualification,Tirana,Albania,FALSE
15/11/2021,Poland,Hungary,1,2,FIFA World Cup qualification,Warsaw,Poland,FALSE
15/11/2021,San Marino,England,0,10,FIFA World Cup qualification,Serravalle,San Marino,FALSE
16/11/2021,Bahrain,Kyrgyzstan,4,2,Friendly,Isa Town,Bahrain,FALSE
16/11/2021,Belarus,Jordan,1,0,Friendly,Minsk,Belarus,FALSE
16/11/2021,Kazakhstan,Tajikistan,1,0,Friendly,Nur-Sultan,Kazakhstan,FALSE
16/11/2021,New Zealand,Gambia,2,0,Friendly,Dubai,United Arab Emirates,TRUE
16/11/2021,Indonesia,Afghanistan,0,1,Friendly,Antalya,Turkey,TRUE
16/11/2021,Maldives,Seychelles,0,0,Mahinda Rajapaksa Cup,Columbo,Sri Lanka,TRUE
16/11/2021,Sri Lanka,Bangladesh,2,1,Mahinda Rajapaksa Cup,Columbo,Sri Lanka,FALSE
16/11/2021,Algeria,Burkina Faso,2,2,FIFA World Cup qualification,Blida,Algeria,FALSE
16/11/2021,Mauritania,Equatorial Guinea,1,1,FIFA World Cup qualification,Nouakchott,Mauritania,FALSE
16/11/2021,Tunisia,Zambia,3,1,FIFA World Cup qualification,Radès,Tunisia,FALSE
16/11/2021,Liberia,Central African Republic,3,1,FIFA World Cup qualification,Tangiers,Morocco,TRUE
16/11/2021,Nigeria,Cape Verde,1,1,FIFA World Cup qualification,Lagos,Nigeria,FALSE
16/11/2021,Mozambique,Malawi,1,0,FIFA World Cup qualification,Cotonou,Benin,TRUE
16/11/2021,Cameroon,Ivory Coast,1,0,FIFA World Cup qualification,Douala,Cameroon,FALSE
16/11/2021,Egypt,Gabon,2,1,FIFA World Cup qualification,Alexandria,Egypt,FALSE
16/11/2021,Libya,Angola,1,1,FIFA World Cup qualification,Benghazi,Libya,FALSE
16/11/2021,Morocco,Guinea,3,0,FIFA World Cup qualification,Casablanca,Morocco,FALSE
16/11/2021,Lebanon,United Arab Emirates,0,1,FIFA World Cup qualification,Sidon,Lebanon,FALSE
16/11/2021,Iraq,South Korea,0,3,FIFA World Cup qualification,Al Rayyan,Qatar,TRUE
16/11/2021,Syria,Iran,0,3,FIFA World Cup qualification,Amman,Jordan,TRUE
16/11/2021,China PR,Australia,1,1,FIFA World Cup qualification,Sharjah,United Arab Emirates,TRUE
16/11/2021,Vietnam,Saudi Arabia,0,1,FIFA World Cup qualification,Hanoi,Vietnam,FALSE
16/11/2021,Oman,Japan,0,1,FIFA World Cup qualification,Muscat,Oman,FALSE
16/11/2021,Jamaica,United States,1,1,FIFA World Cup qualification,Kingston,Jamaica,FALSE
16/11/2021,Canada,Mexico,2,1,FIFA World Cup qualification,Edmonton,Canada,FALSE
16/11/2021,Costa Rica,Honduras,2,1,FIFA World Cup qualification,San José,Costa Rica,FALSE
16/11/2021,Panama,El Salvador,2,1,FIFA World Cup qualification,Panama City,Panama,FALSE
16/11/2021,Bosnia and Herzegovina,Ukraine,0,2,FIFA World Cup qualification,Zenica,Bosnia and Herzegovina,FALSE
16/11/2021,Finland,France,0,2,FIFA World Cup qualification,Helsinki,Finland,FALSE
16/11/2021,Wales,Belgium,1,1,FIFA World Cup qualification,Cardiff,Wales,FALSE
16/11/2021,Czech Republic,Estonia,2,0,FIFA World Cup qualification,Prague,Czech Republic,FALSE
16/11/2021,Gibraltar,Latvia,1,3,FIFA World Cup qualification,Gibraltar,Gibraltar,FALSE
16/11/2021,Montenegro,Turkey,1,2,FIFA World Cup qualification,Podgorica,Montenegro,FALSE
16/11/2021,Netherlands,Norway,2,0,FIFA World Cup qualification,Rotterdam,Netherlands,FALSE
16/11/2021,Bolivia,Uruguay,3,0,FIFA World Cup qualification,La Paz,Bolivia,FALSE
16/11/2021,Venezuela,Peru,1,2,FIFA World Cup qualification,Caracas,Venezuela,FALSE
16/11/2021,Colombia,Paraguay,0,0,FIFA World Cup qualification,Barranquilla,Colombia,FALSE
16/11/2021,Argentina,Brazil,0,0,FIFA World Cup qualification,San Juan,Argentina,FALSE
16/11/2021,Chile,Ecuador,0,2,FIFA World Cup qualification,Santiago,Chile,FALSE
19/11/2021,Sri Lanka,Seychelles,3,3,Mahinda Rajapaksa Cup,Columbo,Sri Lanka,FALSE
25/11/2021,Indonesia,Myanmar,4,1,Friendly,Antalya,Turkey,TRUE
30/11/2021,Iraq,Oman,1,1,Arab Cup,Al Wakrah,Qatar,TRUE
30/11/2021,Qatar,Bahrain,1,0,Arab Cup,Al Khor,Qatar,FALSE
30/11/2021,Tunisia,Mauritania,5,1,Arab Cup,Al Rayyan,Qatar,TRUE
30/11/2021,United Arab Emirates,Syria,2,1,Arab Cup,Doha,Qatar,TRUE
01/12/2021,Morocco,Palestine,4,0,Arab Cup,Al Wakrah,Qatar,TRUE
01/12/2021,Saudi Arabia,Jordan,0,1,Arab Cup,Al Rayyan,Qatar,TRUE
01/12/2021,Algeria,Sudan,4,0,Arab Cup,Al Rayyan,Qatar,TRUE
01/12/2021,Egypt,Lebanon,1,0,Arab Cup,Doha,Qatar,TRUE
03/12/2021,Bahrain,Iraq,0,0,Arab Cup,Doha,Qatar,TRUE
03/12/2021,Qatar,Oman,2,1,Arab Cup,Al Rayyan,Qatar,FALSE
03/12/2021,Mauritania,United Arab Emirates,0,1,Arab Cup,Doha,Qatar,TRUE
03/12/2021,Syria,Tunisia,2,0,Arab Cup,Al Khor,Qatar,TRUE
04/12/2021,El Salvador,Ecuador,1,1,Friendly,Houston,United States,TRUE
04/12/2021,Jordan,Morocco,0,4,Arab Cup,Al Rayyan,Qatar,TRUE
04/12/2021,Palestine,Saudi Arabia,1,1,Arab Cup,Al Rayyan,Qatar,TRUE
04/12/2021,Lebanon,Algeria,0,2,Arab Cup,Al Wakrah,Qatar,TRUE
04/12/2021,Sudan,Egypt,0,5,Arab Cup,Doha,Qatar,TRUE
06/12/2021,Oman,Bahrain,3,0,Arab Cup,Al Rayyan,Qatar,TRUE
06/12/2021,Qatar,Iraq,3,0,Arab Cup,Al Khor,Qatar,FALSE
06/12/2021,Syria,Mauritania,1,2,Arab Cup,Al Wakrah,Qatar,TRUE
06/12/2021,Tunisia,United Arab Emirates,1,0,Arab Cup,Doha,Qatar,TRUE
07/12/2021,Jordan,Palestine,5,1,Arab Cup,Doha,Qatar,TRUE
07/12/2021,Morocco,Saudi Arabia,1,0,Arab Cup,Doha,Qatar,TRUE
07/12/2021,Algeria,Egypt,1,1,Arab Cup,Al Wakrah,Qatar,TRUE
07/12/2021,Lebanon,Sudan,1,0,Arab Cup,Al Rayyan,Qatar,TRUE
08/12/2021,Mexico,Chile,2,2,Friendly,Austin,United States,TRUE
09/12/2021,Tanzania,Uganda,0,2,Friendly,Dar es Salaam,Tanzania,FALSE
10/12/2021,Tunisia,Oman,2,1,Arab Cup,Al Rayyan,Qatar,TRUE
10/12/2021,Qatar,United Arab Emirates,5,0,Arab Cup,Al Khor,Qatar,FALSE
11/12/2021,Egypt,Jordan,3,1,Arab Cup,Al Wakrah,Qatar,TRUE
11/12/2021,Morocco,Algeria,2,2,Arab Cup,Doha,Qatar,TRUE
11/12/2021,El Salvador,Chile,0,1,Friendly,Los Angeles,United States,TRUE
